SYMBOL,SYMBOL P/E,ADJUSTED P/E
SAREGAMA,55.1,55.1
ENGINERSIN,34.87,34.87
JAICORPLTD,104.39,104.39
MAHAPEXLTD,28.52,40.48
ASAHIINDIA,58.87,58.87
KOTHARIPRO,33.67,33.67
SOUTHBANK,5.44,5.44
ITDCEM,32.21,32.21
CYIENT,30.27,28.55
GOACARBON,9.44,9.44
SANGHVIMOV,21.12,21.12
RSSOFTWARE,31.92,31.92
NATIONALUM,17.89,20.76
ALEMBICLTD,34.32,34.32
BSOFT,25.77,25.77
STAR,180.44,52.47
ZYDUSLIFE,24.56,24.56
RAJESHEXPO,218.09,218.09
IOB,35.71,35.71
BLBLIMITED,12.44,12.44
BLUESTARCO,83.18,83.18
PNBGILTS,32.53,35.55
TAJGVK,25.49,25.49
HAVELLS,80.29,80.29
MRO-TEK,28.03,28.03
TRIDENT,54.65,54.67
GODREJCP,,70.24
BHARTIARTL,111.02,92.13
APTECHT,45.88,41.49
OFSS,42.73,42.73
OMAXAUTO,17.06,
DIVISLAB,96.38,96.38
BAGFILMS,24.67,24.67
UNIENTER,30.78,30.78
PTC,10.24,10.02
MAHABANK,8.52,8.52
POONAWALLA,16.8,24
DATAMATICS,18.97,18.71
LT,30.89,31.02
CENTEXT,23.89,24.25
COFORGE,60.56,61.25
GULFPETRO,13.68,13.68
ASTRAMICRO,64.23,64.23
JBMA,103.61,103.61
XCHANGING,39.11,39.11
CONSOFINVT,10.98,10.98
SAKSOFT,32.66,32.66
MANGALAM,28.37,28.37
PRIMESECU,42.85,48.35
JSWHL,88.7,88.7
YESBANK,45.04,45.04
RML,83.38,16.32
AURIONPRO,60.78,60.78
AIAENG,35.36,35.38
ORIENTCER,33.44,36.95
VIMTALABS,29.79,29.79
NITINSPIN,15.92,15.92
ENIL,31.48,31.48
KEC,67.43,67.43
INDOTECH,53.92,53.92
BLKASHYAP,31.21,33.55
CENTURYPLY,71.75,70.13
VAKRANGEE,490.17,520.18
GALLANTT,27.28,27.28
UTTAMSUGAR,11.91,11.91
GPIL,12.77,12.76
LOKESHMACH,50.72,50.72
KAMDHENU,27.07,27.07
PIONEEREMB,51.64,51.64
MUNJALAU,35.87,21.41
GRINDWELL,71.47,71.42
ATLANTAA,.79,4.99
ACE,47.95,47.95
BINANIIND,34.13,
ALICON,29.9,29.9
DCBBANK,6.63,6.63
TORNTPOWER,39.5,39.5
SOBHA,435.94,436.02
NFL,34.54,34.54
PARACABLES,24.31,24.31
VEEDOL,27.65,27.65
PTL,21.53,21.53
UNOMINDA,72.09,73.84
CTE,266.89,266.89
PGIL,24.74,25.33
TFL,117.67,117.67
PAGEIND,88.03,88.03
AMDIND,100.25,100.25
THEMISMED,80.1,80.1
BANSWRAS,19.1,19.1
NDLVENTURE,283.25,283.25
SRHHYPOLTD,19.32,17.41
INSECTICID,19.78,19.78
HGS,63.01,63.01
DLF,125.54,125.54
ADSL,34.07,34.07
CENTRALBK,15.29,15.29
KPRMILL,39.73,39.73
NAGREEKCAP,1.01,1.01
CENTUM,,4455.14
MANGCHEFER,10.59,10.59
BAJAJELEC,79.84,79.84
RGL,22.74,22.74
KAUSHALYA,2.93,2.93
HITECHCORP,29.66,30.66
TARIL,102.55,102.55
MANAKSIA,8.63,6.55
DVL,28.7,28.7
ARIES,16.19,16.19
KNRCON,11.33,11.33
SEPC,170.58,170.58
GSS,27.5,27.5
VGUARD,65.25,65.25
DPSCLTD,105.54,105.54
TITAGARH,52.81,52.52
BAJAJFINSV,18.02,18.02
DIGISPICE,13.76,36.84
RPGLIFE,50.12,50.12
RBL,19.34,18.94
UBL,116.93,116.93
ZFCVINDIA,67.62,67.62
20MICRONS,17.48,17.14
COUNCODOS,33.84,33.84
TPHQ,19.31,19.31
GKWLIMITED,160.41,160.41
EXCEL,81.28,81.28
GLOBUSSPR,42.77,42.77
EXPLEOSOL,21.15,21.15
RTNPOWER,.87,
REFEX,58.01,58.03
JSWENERGY,60.63,60.63
HINDCOPPER,84.77,84.77
NESTLEIND,70.79,72.19
WHIRLPOOL,102.05,97.46
THANGAMAYL,55.75,55.75
HATHWAY,44.99,44.61
MANINFRA,25.85,25.85
KIRLOSIND,15.55,13.91
TI,38.17,37.45
PRAKASHSTL,4.07,69.04
WELINV,121.78,121.78
DEEPAKNTR,45.31,48.73
RAMKY,16.15,16.15
ASHOKA,10.63,12.03
JWL,61.25,61.25
SHAH,10.52,91.36
RESPONIND,41.85,41.85
PENIND,24.37,24.37
KIRLOSENG,37.26,36.9
VADILALIND,20.62,20.62
RELAXO,103.53,103.53
OMINFRAL,35.33,35.33
ASHIANA,46.11,46.11
RUSHIL,20.8,20.8
WHEELS,28.88,28.88
RIIL,174.02,174.02
RAYMOND,17.61,16.94
SHREDIGCEM,16.57,16.57
SMLISUZU,21.11,21.11
SUNDRMFAST,55.22,55.22
CRISIL,52.05,52.05
LMW,60.75,60.75
NELCO,100.2,100.2
MAHSCOOTER,61.19,63.2
KECL,87.23,87.23
KCP,10.47,10.39
INFY,30.29,30.29
IONEXCHANG,47.3,47.3
IFBIND,83.18,83.18
HIMATSEIDE,15.58,15.58
GFLLIMITED,215.2,215.2
BHARATFORG,78.95,71.18
FORCEMOT,35.25,35.25
ARVIND,29.33,29.42
TATAMOTORS,9.77,9.71
LINDEINDIA,162.87,162.87
ESCORTS,40.94,40.94
ASHOKLEY,24.36,23.87
ZUARIIND,1.49,
TATASTEEL,,52.72
VEDL,19.81,22.25
RELIANCE,23.78,23.78
BATAINDIA,55.94,73.98
CARBORUNIV,65.34,65.34
BALMLAWRIE,21.61,21.61
MOTOGENFIN,93.56,93.56
ABREL,122.59,122.59
CENTENKA,24.19,24.19
ATFL,380.03,781.58
SUPREMEIND,66.32,66.32
BALRAMCHIN,25.6,25.6
UNICHEMLAB,,2844.36
BBOX,53.34,41.61
RANEHOLDIN,26.3,13.57
SHREYANIND,5.2,5.2
ASHIMASYN,6.43,6.43
ADANIENT,80.64,76.29
GET&D,169.11,169.11
TIL,9.83,
BANARISUG,32.11,32.11
BLUEDART,67.27,67.27
APCOTEXIND,38.53,38.53
RANASUG,22.22,22.22
ARENTERP,13.74,13.74
TATAPOWER,44.79,45.15
SUBROS,37.15,37.15
SIEMENS,111.8,111.8
JUBLPHARMA,32.13,73.2
UNIVCABLES,71.62,71.62
SOMANYCERA,29.12,30.18
HLVLTD,54.1,54.1
LIBERTSHOE,77.81,60.81
KABRAEXTRU,56.57,56.57
MODTHREAD,10.85,10.85
MANGLMCEM,37.25,37.25
JINDALSAW,13.31,13.31
STYRENIX,22.12,22.12
CANFINHOME,14.89,14.89
DCMSHRIRAM,35.61,35.61
COSMOFIRST,24.68,24.68
CIPLA,29.04,28.06
GIPCL,16.3,16.3
HINDCOMPOS,22.73,22.73
OSWALGREEN,647.6,647.6
HUHTAMAKI,6.99,30.41
KAMATHOTEL,13.07,69.6
APOLLOTYRE,19.69,18.67
PRECWIRE,46.87,46.87
NILKAMAL,28.52,28.52
SEAMECLTD,24.23,25.68
AUROPHARMA,24.14,23.7
GICHSGFIN,7.39,7.39
BANARBEADS,30.96,30.96
WSTCSTPAPR,6.37,6.37
GHCL,11.28,11.28
S&SPOWER,200.82,200.82
EVERESTIND,99.26,118.06
VESUVIUS,46.24,46.24
GTL,1.01,4.86
AGI,24.76,24.76
TATACONSUM,85.84,73.25
ZEEL,37.66,28.75
FMGOETZE,16.85,16.85
GILLETTE,70.61,70.61
KANSAINER,34.8,34.8
ANDHRAPAP,8.17,8.17
SCHAEFFLER,69.07,68.81
AMJLAND,16.96,16.96
INGERRAND,61.28,61.28
HINDZINC,26.38,26.38
GRASIM,18.76,18.05
DCW,245.58,228.12
HEUBACHIND,41.66,41.66
BAJFINANCE,28.63,28.63
NAVA,10.86,11.77
AUTOAXLES,17.23,17.23
DALMIASUG,15.54,15.54
KHAITANLTD,14.47,14.47
ANDHRSUGAR,33.33,31.56
STARPAPER,5.78,5.63
AUSOMENT,20.32,20.32
JAYAGROGN,14.75,14.75
SAMBHAAV,34.44,39.06
KEYFINSERV,8.08,8.08
SANGAMIND,50.26,43.63
MOTHERSON,45.38,44.18
STERTOOLS,32.93,33.16
DENORA,36.32,36.32
SHRIRAMFIN,15.99,15.99
MIRZAINT,58.1,58.1
GANESHHOUC,20.62,20.62
ALKYLAMINE,77.76,77.76
RUCHINFRA,28.17,89.31
HERITGFOOD,38.3,38.01
INDNIPPON,24.14,24.14
CONCOR,42.35,42.35
KCPSUGIND,6.43,6.99
APLLTD,36.96,36.96
PANAMAPET,11.83,11.83
SHAKTIPUMP,38.69,38.69
JISLDVREQS,.97,.97
POLYMED,92.14,92.14
APLAPOLLO,58.85,58.85
MINDACORP,52.69,52.69
IRFC,30.22,30.22
COMPUSOFT,59.14,59.14
RHIM,,44
NDL,16.53,16.53
HEXATRADEX,57.49,57.49
SWANENERGY,23.81,23.81
RTNINDIA,8.92,8.53
THEJO,45.48,45.48
KITEX,45.29,45.29
ROSSELLIND,26.87,26.62
TVSHLTD,13.52,13.51
ZUARI,6,6
INDUSTOWER,15.35,15.35
REPCOHOME,7.56,7.56
JUSTDIAL,20.19,20.19
ATULAUTO,103.25,103.25
SAMMAANCAP,8.23,8.23
ESSENTIA,23.39,23.4
PILITA,76.65,76.65
MITCON,18.87,18.87
JPOLYINVST,24.93,24.93
IREDA,40.51,40.51
HATSUN,81.6,81.6
GULFOILLUB,19.67,19.67
MONTECARLO,29.26,29.26
LAMBODHARA,35.36,35.36
MOLDTKPAC,37.8,37.8
MENONBE,9.61,9.61
INOXWIND,472.5,382.24
VRLLOG,75.08,75.54
UFO,76.25,63.32
SKIPPER,63.91,63.91
SYNGENE,71.84,74.4
SATIN,4.7,4.7
SHARDAMOTR,19.77,19.77
INDIGO,22.87,22.87
LUXIND,42.67,42.67
PILANIINVS,41.72,41.72
ALKEM,34.72,33.19
QUICKHEAL,127.02,127.02
BHAGERIA,41.46,41.46
GOKULAGRO,23.83,23.83
PDMJEPAPER,9.72,9.72
HECPROJECT,21.67,21.67
THYROCARE,61.12,61
SAGARDEEP,54.56,54.56
UNITEDPOLY,38.98,38.98
ARMANFIN,9.72,9.72
CONTROLPR,24.61,24.63
INCREDIBLE,32.57,32.57
DAMODARIND,42.12,42.12
MOLDTECH,23.92,23.92
GROBTEA,50.47,50.47
LLOYDSENGG,101.61,101.61
LTIM,40.67,40.67
GATECH,40.68,40.68
ADVENZYMES,38.53,35.97
SPAL,24.13,24.13
RBLBANK,9.53,9.53
MBAPL,71.96,71.96
GNA,19.39,19.39
CROWN,17.61,83.43
MARATHON,23.41,23.41
JETKNIT,92.83,92.83
JAIPURKURT,25.89,25.89
SAKAR,59.67,59.67
AURDIS,16.75,16.75
ARTNIRMAN,108.4,108.4
ENDURANCE,46.72,46.72
PNBHOUSING,15.22,15.22
KINGFA,30.65,30.65
JETFREIGHT,16.99,18.77
TCIEXP,32.35,32.35
TERASOFT,19.62,18.85
LIBAS,5.05,5.05
PROLIFE,12.89,12.89
CAPTRUST,88.85,88.85
MAHESHWARI,12.77,12.77
MCL,29.72,29.72
PRICOLLTD,36.48,36.48
STEELCITY,11.16,11.16
KRISHANA,32.02,32.02
GLOBAL,13.96,13.96
NITIRAJ,27.12,27.12
SANGINITA,108.85,108.85
AKASH,34.33,34.33
DMART,99.01,99.01
AIRAN,14.05,14.05
URJA,397.58,397.58
EIFFL,219.25,219.25
CREATIVE,23.43,23.43
DEVIT,28.98,28.98
MKPL,30.26,30.26
INFOBEAN,37.19,37.19
SCHAND,16.02,16.02
GLOBE,21.27,24.31
TEJASNET,115.58,115.58
ACCORD,60.32,60.32
DYNPRO,115.25,115.25
AVADHSUGAR,12.12,12.12
GANGESSECU,36.4,36.4
TOTAL,696.84,696.84
WEWIN,30.13,30.13
SIS,40.79,40.79
VAISHALI,155.22,155.22
GEEKAYWIRE,14.2,14.2
APEX,53.65,53.65
CAPACITE,20.47,20.47
MPTODAY,6.26,6.28
RMDRIP,112.24,112.24
DPWIRES,20.17,20.17
DIAMONDYD,56.46,56.46
RKEC,14.58,14.58
GOLDSTAR,68.08,68.08
JASH,46.22,46.22
CMMIPL,19.64,19.64
OMFURN,22.82,22.82
MASFIN,20.23,20.23
NAM-INDIA,37.24,37.24
SECURCRED,3.77,3.77
5PAISA,28.35,28.35
VERTOZ,86.88,86.88
PULZ,22.64,22.64
SILVERTUC,50.99,50.99
FELIX,61.11,61.11
ICEMAKE,54.32,54.32
ONEPOINT,54.41,54.41
AJOONI,62.48,62.48
MOKSH,15.11,15.11
SILLYMONKS,92.33,92.33
AMBER,105.47,105.47
SOLEX,180.06,180.06
MHHL,9.19,9.19
SOUTHWEST,36.81,38.66
KPIL,43.34,43.34
IGARASHI,137.94,137.94
MUNJALSHOW,21.99,20.64
HSCL,63.77,63.77
KARURVYSYA,9.7,9.7
UFLEX,,11.44
THOMASCOOK,34.86,34.86
SPMLINFRA,147.02,173.89
BHARATRAS,44.21,44.21
VSTIND,23.45,23.45
TOKYOPLAST,81.05,81.05
IFCI,55.99,56.49
M&M,33.68,33.68
HEIDELBERG,34.48,34.48
PCBL,36.32,36.32
HONDAPOWER,43.35,45.21
ABB,114.43,114.43
BBL,42.39,42.39
CHOLAFIN,33.59,33.59
ESABINDIA,59.7,59.7
AARTIIND,39.06,39.06
KSB,75.14,75.14
GREAVESCOT,,112.51
SUDARSCHEM,61.87,61.87
HINDALCO,15.33,15.03
AMBUJACEM,32.19,33.85
BIRLACORPN,23.58,23.97
ASHAPURMIN,15.57,27.96
TNPL,13.7,13.7
NATCOPHARM,15.2,15.2
GARFIBRES,39.25,39.25
SKFINDIA,47.22,47.22
BIOFILCHEM,186.19,186.19
SOMATEX,6.96,
CREST,13.46,13.46
TVSSRICHAK,32.63,30.76
DYNAMATECH,57.58,104.95
JCHAC,4742.28,240.62
BANKBARODA,6.7,6.7
SKMEGGPROD,11.21,11.21
HUDCO,19.5,19.5
NATHBIOGEN,9.35,10.03
WONDERLA,36.81,36.81
SNOWMAN,114.87,114.87
PDSL,34.29,34.97
GOODLUCK,24.84,24.84
GREENLAM,53.69,53.69
LINC,26.02,26.02
MANAKSTEEL,23.01,23.5
IMAGICAA,238.75,56.14
BANKA,68.63,68.67
HINDCON,49.66,49.66
SARVESHWAR,52.92,52.92
MACPOWER,48.21,48.21
BDL,73.07,73.07
BANDHANBNK,11.91,11.91
URAVI,238.38,238.38
MITTAL,33.98,63.39
GIRIRAJ,94.52,94.52
ISEC,14.03,14.03
KAPSTON,43.48,43.48
MIDHANI,89.53,89.53
AVG,20.08,31.5
MMP,33.77,33.77
NARMADA,29.98,29.98
CHEMFAB,92.6,92.6
BSHSL,78.48,78.48
AAKASH,18.47,18.47
GODHA,74.81,74.81
SOFTTECH,133.4,133.4
E2E,245.96,245.96
SIRCA,37.02,37.02
SVLL,113.3,113.3
ADANIGREEN,239.41,198.3
PRITI,19.83,19.83
ACCURACY,24.39,24.39
GAYAHWS,,88.38
RITES,32.21,32.21
GANGAFORGE,158.45,161.46
REPL,26.25,26.25
AVROIND,40.71,40.71
HDFCAMC,45.72,45.72
AARON,43.4,43.4
SIGIND,16.28,16.28
SUMIT,55.87,55.87
LAGNAM,13.25,13.25
RPPL,24.88,24.88
AKG,48.6,48.6
AHLADA,9.64,9.64
RAJMET,29.38,29.38
AAVAS,26.98,26.98
KSHITIJPOL,20.25,52.22
GRSE,54.34,54.34
PARIN,167.77,167.77
SILGO,25.33,25.33
VINNY,27.06,27.06
MARINE,109.03,109.51
ATGL,119.69,119.69
SHUBHLAXMI,22.43,22.43
SHRIRAMPPS,5.28,5.28
TREJHARA,26.43,215.67
SURANI,738.77,738.77
MSTCLTD,22.44,22.44
ARVINDFASN,66.19,63.84
RVNL,75.25,75.25
POLYCAB,58.94,58.94
KPITTECH,73.39,73.39
VIKASLIFE,,96.19
CONFIPET,31.39,31.39
INDIAMART,44.89,44.89
SATIA,6.24,6.24
AFFLE,69.86,69.86
CHEMCON,49.9,49.9
WESTLIFE,311.46,311.46
HNDFDS,74.77,74.77
UJJIVANSFB,6.04,6.04
IRCTC,58.77,58.63
SECL,1926.71,1926.71
DCI,40.31,40.31
360ONE,46.77,43.59
HPIL,132.69,132.69
VISHWARAJ,77.27,77.27
FLUOROCHEM,150.43,150.43
KUANTUM,7.63,7.63
CHEMBOND,18.55,18.55
MGEL,20.26,20.26
SBICARD,29.22,29.22
HOMEFIRST,33.01,33.01
CSBBANK,9.87,9.87
ASCOM,30.65,30.55
EASEMYTRIP,50.92,31.7
ROSSARI,35.72,35.72
PRINCEPIPE,31.81,34.47
ESAFSFB,4.89,4.89
PARKHOTELS,77.71,77.71
PATANJALI,67.06,67.06
SUMICHEM,65,65
ASALCBR,30.38,30.38
UNIVPHOTO,14.75,14.75
BAFNAPH,703.11,310.79
SUVENPHAR,132.33,132.33
STOVEKRAFT,85.13,85.13
RAJRATAN,37.6,37.6
HAPPSTMNDS,50.68,52.86
GLAND,37.41,37.41
BOROLTD,70.06,70.06
MAXHEALTH,86.46,86.46
AAATECH,49.01,49.01
KALYANKJIL,119.12,119.12
BTML,121.22,121.15
SHAREINDIA,15.29,15.27
SIGACHI,28.34,28.34
ADL,203.11,203.11
NIRAJ,23.99,16.11
CAMS,62.55,62.55
SURYODAY,7.59,7.59
UTIAMC,19.76,19.76
RAILTEL,53.9,53.21
BECTORFOOD,80.74,80.74
ORCHPHARMA,60.49,60.49
INDIGOPNTS,51.67,51.67
LXCHEM,67.01,67.01
MTARTECH,132.42,132.42
ANURAS,62.4,62.4
ISGEC,38.72,38.72
STYLAMIND,34.35,34.14
CLSEL,15.2,15.2
CARYSIL,35.85,35.85
SHAILY,69.74,69.74
MODISONLTD,32.94,32.49
FIBERWEB,13.53,13.53
BCLIND,16.54,16.54
BHAGCHEM,207.42,207.42
SBCL,51.11,51.11
SMCGLOBAL,7.96,7.96
QMSMEDI,23.39,23.39
NPST,506.15,506.15
ARIHANTCAP,16.29,16.29
SIDDHIKA,16.75,16.75
NAZARA,73.94,73.3
IPL,35.76,35.76
GENCON,18.32,18.32
LODHA,62.49,59.4
HLEGLAS,68.59,63.58
SONACOMS,73.6,73.01
UTKARSHBNK,8.92,8.92
DRCSYSTEMS,22.88,22.88
PARAS,111.05,111.05
CRAFTSMAN,46.21,46.21
DODLA,39.85,39.85
JUBLINGREA,69.05,69.05
ROLEXRINGS,36.7,33.3
WALPAR,34.98,34.98
SHYAMMETL,23.34,23.34
KIMS,62.92,62.92
MAKS,121.6,61.79
JSFB,8.97,8.97
TATVA,87.82,87.82
CLEAN,67.71,67.71
GLS,30.86,30.86
ABSLAMC,26.53,26.53
DEEPINDS,22.9,22.99
ZOMATO,397.03,397.03
BEWLTD,34.66,34.66
PIXTRANS,22.25,22.25
MEDIASSIST,68.65,68.65
WINDLAS,35.04,35.04
CARTRADE,59.4,59.4
KRSNAA,44.42,44.42
EQUIPPP,2504.92,2504.92
DEVYANI,1481.12,262.05
APTUS,30.16,30.16
SUPRIYA,33.11,33.11
ANMOL,11.6,11.6
BMETRICS,24.66,24.66
VIJAYA,82.37,81.39
AMIORG,158.64,69.81
IWEL,1089.27,535.9
VINEETLAB,369.58,369.58
SANSERA,50.15,50.15
BAJAJHCARE,,33.51
PRITIKAUTO,26.31,26.31
AAREYDRUGS,35.79,35.79
GRINFRA,13.34,16.61
INTLCONV,7.46,7.46
DUGLOBAL,608.15,608.15
STEELCAS,23.08,23.08
HPAL,37.49,37.79
STARHEALTH,36.86,36.86
KPIGREEN,55.69,55.29
SGIL,52.29,52.29
SJS,34.26,34.26
FINOPB,39.45,39.45
NYKAA,1033.17,1033.17
AWL,78.56,72.81
SAPPHIRE,317.49,317.49
DKEGL,14.56,14.56
EPIGRAL,36.6,36.6
NUVOCO,95.27,95.27
TRACXN,126.47,126.47
FUSION,6.27,6.27
TARSONS,59.04,59.04
MEDPLUS,131.14,131.14
RATEGAIN,52.82,52.82
METROBRAND,83.79,83.79
MICEL,36.01,40.18
FOODSIN,31.79,31.79
MAPMYINDIA,83.62,83.62
ABMINTLLTD,96.1,96.1
TMB,6.36,6.36
KRITI,38.3,38.3
DESTINY,113,113
GANESHBE,16.82,16.82
GVPTECH,72.42,72.42
MEDICAMEQ,102.84,102.84
SHIVALIK,57.54,57.54
PRECISION,19.07,19.07
DATAPATTNS,72.64,72.64
JSLL,55.87,55.87
MEDANTA,60.02,60.02
MALLCOM,25.52,25.52
NIDAN,,21.01
ASIANENE,49.75,46.91
SMLT,25.66,25.66
RADIANTCMS,20.83,20.83
CHOICEIN,67.58,67.58
EUROBOND,58.77,58.77
HARIOMPIPE,33.31,33.31
CAPITALSFB,15.34,15.34
RAJRILTD,4833.55,4833.55
DYCL,35.73,35.73
STARTECK,17.33,17.33
VIRINCHI,31.73,31.73
DHRUV,31.92,31.92
ELIN,69.53,69.53
TIMESCAN,13.2,13.2
SEJALLTD,128.51,128.51
RELCHEMQ,102.75,102.75
SYRMA,61.93,61.43
JTLIND,34.39,34.39
CAMPUS,110.74,110.74
VENUSPIPES,40.02,40.02
ROTO,45.1,45.1
MEGASTAR,59.46,59.46
GSTL,64.85,64.85
LANDMARK,50.06,49.42
RACE,614.87,614.87
DREAMFOLKS,33.55,33.55
SONUINFRA,14.03,14.03
MSUMI,42.51,42.51
LEMERITE,272.38,272.38
DHARMAJ,27.77,27.77
OBCL,46.01,46.01
LICI,14.11,14.11
INDOAMIN,27.01,27.01
KRISHNADEF,99.1,99.1
PROPEQUITY,23.44,23.44
AMEYA,25.84,25.84
INOXGREEN,252.33,252.33
FEDFINA,15.71,15.71
BIKAJI,81.06,81.06
SADHNANIQ,390.11,390.11
SURAJEST,42.74,42.74
SKP,65.89,65.89
RILINFRA,27.12,27.12
CHEVIOT,9.58,9.58
HMAAGRO,39.73,39.73
CMRSL,14.48,11.86
KFINTECH,67.23,67.23
DCXINDIA,50.37,50.37
AKSHAR,30.15,30.15
KAYNES,170.54,170.54
SABAR,11.61,11.61
SWASTIK,139.03,139.03
FIDEL,29.5,29.5
AXITA,29.11,29.11
PLAZACABLE,110.95,110.95
SENCO,51.51,51.51
TRU,27.88,27.88
RADHIKAJWE,31.27,31.27
SPLPETRO,36.46,36.46
RAMRAT,48.48,48.48
VIVIANA,67.62,67.62
CSLFINANCE,13.17,13.17
AGNI,205.71,205.71
GOYALALUM,61.55,61.55
RUSTOMJEE,142.26,142.26
GENSOL,53.73,53.65
DBOL,26.84,26.84
KANDARP,35.89,35.89
GSLSU,51.2,51.2
SPORTKING,17.49,17.49
MANORAMA,126.18,126.18
ISHAN,,194.85
ARABIAN,27.94,27.94
INNOVACAP,39.55,39.55
GRMOVER,22.57,22.57
SYNCOMF,67.26,67.22
BAHETI,55.47,55.47
SULA,38.93,38.93
SIGNATURE,382.78,382.78
KRITINUT,16.38,16.38
MEGAFLEX,71.45,71.45
KALAMANDIR,30.11,30.11
AVALON,204.39,204.39
RITEZONE,22.41,22.41
CONCORDBIO,67.16,67.16
BAIDFIN,18.08,18.08
QUICKTOUCH,12.5,12.5
AMIABLE,10.41,10.41
KAMOPAINTS,58.29,58.29
DOLLEX,11.11,11.11
BLUEJET,56.52,54.13
MVGJL,15.26,15.26
SCPL,18.73,18.73
SUKHJITS,17.43,17.43
ARHAM,53.71,53.71
FROG,34.37,34.37
MANKIND,54.41,54.41
SKYGOLD,81.06,81.06
SATINDLTD,7.38,7.38
DIVGIITTS,52.76,52.76
PRITIKA,99.91,99.91
MOTISONS,107.29,108.87
VERTEXPLUS,123.1,123.1
SRIVASAVI,32.53,32.53
DIACABS,341.36,336.69
IKIO,37.22,37.22
MANOMAY,24.46,24.46
FAZE3Q,25.85,25.85
RBMINFRA,77.41,77.41
LLOYDSME,37.47,37.47
AARTIPHARM,24.8,24.8
RHL,57.42,57.42
SAHYADRI,15.64,15.64
NINSYS,59.05,59.05
DUCOL,41.82,41.82
SBFC,35.23,35.23
SBGLP,94.51,94.51
ASMS,382.52,368.43
HYBRIDFIN,11.77,11.55
VIAZ,33.3,33.3
ZAGGLE,91.63,91.63
GANDHAR,16.51,16.51
AGARWALFT,320.11,320.11
MCON,40.42,40.42
HONASA,109.31,109.31
RISHABH,39.7,39.7
IRMENERGY,20.88,20.88
SAH,405.5,405.5
CYIENTDLM,82.81,82.81
AGUL,18.28,18.28
AKI,116.01,116.01
MASTER,44.73,44.73
YCCL,33.03,33.03
RPTECH,19.8,21.29
PATTECH,75.91,75.91
SECMARK,239.54,239.54
AUROIMPEX,16.25,16.25
SOTAC,42.36,41.35
ATAM,28.54,28.54
CRAYONS,17.76,17.76
INFOLLION,34.67,34.67
LAL,64.14,64.14
URBAN,26.27,26.27
AARTECH,108,108
KRISHCA,32.46,32.46
DOLPHIN,175.41,183.39
REMUS,55.28,55.28
NOVAAGRI,25.99,25.99
REDTAPE,79.63,79.63
CELLPOINT,35.48,35.48
GREENCHEF,36.59,36.59
PROV,79.58,79.58
NETWEB,168.91,168.91
PYRAMID,27.31,27.31
MAGSON,27.82,27.82
EMSLIMITED,28.49,28.49
GHCLTEXTIL,27.23,27.23
MONOPHARMA,26.01,26.01
UDS,31.48,31.48
DENTALKART,71.47,71.47
ATL,25.54,25.54
RRKABEL,68.18,68.26
COMMITTED,13.83,13.83
JLHL,52.91,53.23
SAHAJ,21.69,21.69
NUVAMA,35.68,35.68
GLOBALPET,61.85,61.85
KEL,47.9,47.9
PRAMARA,42.48,42.48
NIITMTS,31.33,30.58
ZEAL,19.41,19.41
SAROJA,27.81,27.81
SINDHUTRAD,33.97,33.97
ORIANA,74.25,74.25
ASKAUTOLTD,45.72,45.72
CHAVDA,22.82,22.82
BAWEJA,38.67,38.67
PLADAINFO,9.26,9.26
OLIL,47.59,47.59
KODYTECH,471.27,471.27
SCML,22.06,22.06
SAAKSHI,63.56,63.56
MUFIN,99.12,96.25
HIGREEN,68.64,68.64
FLAIR,27.52,27.52
CELLECOR,54.64,54.64
SRGHFL,21.46,21.46
JIOFIN,180,180
MADHUSUDAN,30.42,30.42
GOYALSALT,42.98,42.98
HOLMARC,34.99,34.99
TREL,4.31,35
MARCO,41.38,41.38
VISHNUINFR,26.34,26.34
MICROPRO,18.35,18.35
EPACK,66.55,66.55
HAPPYFORGE,55.7,55.7
IBLFL,78.73,78.73
INDIASHLTR,34.83,34.83
CELLO,53.27,53.27
CANARYS,41.61,41.61
DIGIDRIVE,31.89,31.89
DOMS,120.95,120.95
MAITREYA,48.48,48.48
DIGIKORE,72.37,72.37
AMNPLST,55.3,55.3
SARTELE,78.25,78.25
SAIFL,31.38,31.38
PARAGON,20.76,20.76
INOXINDIA,72.47,72.47
GRAPHISAD,60.21,59.99
SHEETAL,35.03,35.03
ROXHITECH,11.8,11.8
JYOTICNC,130.49,126.07
BAJEL,272.42,202.45
TECHLABS,103.28,103.28
SIGNPOST,33,33
ROCKINGDCE,84.31,84.31
BABAFP,15.31,15.31
SHREEOSFM,41.21,41.21
PRESSTONIC,78.66,78.66
HRHNEXT,278.15,278.15
MEGATHERM,32.62,32.62
KLL,49.23,49.23
SJLOGISTIC,64.68,64.68
AZAD,187.53,187.53
KONSTELEC,43.91,43.91
FONEBOX,94.95,94.95
ITALIANE,68.59,68.59
SUPREMEPWR,41.95,41.95
KCEIL,48.03,46.51
ACCENTMIC,19.18,18.67
COMSYN,51.8,51.8
LAWSIKHO,190.17,190.17
DAVANGERE,56.68,56.68
MAXPOSURE,50.33,50.33
DELAPLEX,40.73,40.73
CHENNPETRO,5.61,5.61
KRBL,13.81,13.81
GAEL,17.99,17.99
AXISCADES,49.55,49.55
TIPSMUSIC,64.7,64.7
HIKAL,67.03,67.03
ACLGATI,234.94,
UNITDSPR,78.44,78.64
MPSLTD,32.88,32.88
PONNIERODE,9.76,9.76
UNIONBANK,6.05,6.05
GODREJIND,32.24,32.24
JSL,24.07,24.81
WELSPUNLIV,22.29,22.29
TVTODAY,13.45,13.01
PETRONET,13.56,13.67
XPROINDIA,54.31,52.27
EXCELINDUS,45.96,45.96
AMBICAAGAR,13.62,13.62
TEXINFRA,384.7,384.7
WELENT,20.27,20.27
INDOCO,42.19,45.87
GOKEX,51.37,51.37
ALLDIGI,20.68,24.96
CYBERMEDIA,17.14,22.24
63MOONS,14.3,14.3
GENUSPOWER,100.84,100.84
NAUKRI,124.75,117.51
LTFOODS,25.41,25.41
VENUSREM,16.22,16.22
WANBURY,15.5,30.3
REDINGTON,11.34,11.34
SMSPHARMA,49.67,49.67
ICRA,47.29,47.29
PHOENIXLTD,42.99,42.98
FORTIS,66.56,67.69
ALPHAGEO,32.92,19.02
HILTON,31.68,31.68
KMSUGAR,14.81,14.81
NAGREEKEXP,19.23,19.23
NELCAST,19.48,27.78
TARMAT,,142.45
ALPA,13.16,13.18
CIEINDIA,24.77,24.77
INDOWIND,38.77,38.77
MAGNUM,39.95,139.91
POWERGRID,19.64,19.64
DELTACORP,16.6,20.77
CERA,43.45,43.22
BVCL,18.59,18.59
ADANIPOWER,14.7,14.7
AMRUTANJAN,52.29,52.29
DLINKINDIA,20.38,20.38
TRF,14.4,14.4
VASCONEQ,26.31,26.31
ISFT,21.89,21.89
IMFA,10.12,10.12
BAJAJCON,21.23,21.23
KILITCH,49.54,49.54
BEDMUTHA,29.05,29.05
IOLCP,20.96,20.96
JAMNAAUTO,22.5,22.5
PSB,56.64,56.64
SUMMITSEC,43.19,37.94
HFCL,51.39,51.39
MUTHOOTFIN,17,17
VSTTILLERS,35.62,35.62
DELPHIFX,22.29,22.29
INVENTURE,13.67,11.88
LTF,16.78,16.78
ASAHISONG,20.74,163.7
BOSCHLTD,42.25,56.72
MAHSEAMLES,9.18,9.15
VINDHYATEL,25.8,25.8
PGHL,43.01,41.19
BEML,56.86,56.86
VTL,19.5,19.5
EPL,39.38,37.33
AEGISLOG,36.79,36.79
PRECOT,18.29,23.23
ARE&M,26.1,26.1
IVP,16.09,16.09
EICHERMOT,34.6,34.6
ZENSARTECH,23.65,23.65
VIPULLTD,2.04,2.02
PRIVISCL,53.99,53.99
NILAINFRA,31.12,31.12
PNCINFRA,9.03,9.03
ORICONENT,84.05,54.47
ADANIENSOL,,76.36
MUTHOOTCAP,5.42,
POWERMECH,38.82,38.75
SHREEPUSHK,20.34,20.34
IDFCFIRSTB,18.81,18.81
SHK,447.13,28.17
TTKHLTCARE,29.8,36.96
KRIDHANINF,,58.7
LALPATHLAB,71.63,71.63
OCCL,8.28,8.28
TEAMLEASE,47.18,48.69
VIDHIING,64.06,64.06
KELLTONTEC,20.97,20.97
HCG,117.91,124.85
WEALTH,33.48,33.48
CROMPTON,56.51,56.51
ALBERTDAVD,10.93,10.93
PREMEXPLN,98.6,98.6
TASTYBITE,200.76,200.76
CLEDUCATE,41.59,44.68
SIKKO,30.89,30.89
DOLLAR,33.13,32.92
ERIS,46.76,46.76
ACEINTEG,53.57,53.57
MAGADSUGAR,10.37,10.37
COCHINSHIP,47.77,47.77
SERVOTECH,340.52,340.52
CHOLAHLDNG,8.86,8.86
WORTH,13.01,13.01
AARVI,21.58,21.58
AIROLAM,26.76,26.76
GATECHDVR,9.33,9.33
DPABHUSHAN,57.94,57.94
TIINDIA,70.64,71.3
KHADIM,143.73,143.73
ZODIAC,72.53,72.53
DNAMEDIA,.42,
TOUCHWOOD,50.71,50.73
BCONCEPTS,68.67,68.67
APOLLO,80.15,80.15
SINTERCOM,354.08,354.08
ARVEE,150.64,150.64
KRITIKA,31.12,31.12
BBTCL,30.33,30.33
IRISDOREME,48.35,48.35
UNIPARTS,18.52,18.52
AWHCL,23.35,23.35
RPSGVENT,35.06,35.06
ANUP,49.92,49.92
PAR,20.23,20.23
METROPOLIS,81.48,81.48
NEOGEN,148.26,148.26
EMAMIPAP,7.11,7.11
PPL,14.33,14.33
OAL,63.94,63.94
WEL,177.58,177.58
SPANDANA,8.17,8.17
DOLATALGO,13.65,13.65
MAZDOCK,39.06,39.06
SAFARI,70.6,70.6
IIFLSEC,21.51,21.51
GREENPANEL,41.77,41.77
APOLLOPIPE,53.1,53.1
ROUTE,25.94,26.93
SIGMA,21.63,21.63
EQUITASBNK,12.8,12.8
HINDWAREAP,72.16,72.16
LIKHITHA,22.15,22.15
ARTEMISMED,68.75,68.75
ATALREAL,47.32,47.32
POWERINDIA,389.86,389.86
KSOLVES,34.33,34.33
AARTISURF,36.05,36.05
NDRAUTO,54.65,54.65
PAVNAIND,85.77,85.77
UNIDT,38.62,38.62
ANGELONE,21.42,21.42
ROML,115.69,115.69
NURECA,509.75,509.75
HERANBA,33.83,33.83
FAIRCHEMOR,32.94,32.94
UGROCAP,19.05,19.05
YUKEN,69.11,69.11
ANANDRATHI,63.96,63.96
POLICYBZR,555.63,742.15
MONARCH,21.6,21.6
PRUDENT,68.81,68.81
GOCOLORS,78.65,78.65
CMSINFO,27.04,27.04
COASTCORP,84.18,84.18
TEGA,60.54,60.54
LATENTVIEW,60.62,60.62
PASUPTAC,18.86,18.86
PARADEEP,32.61,32.61
MANYAVAR,83.74,83.74
DMCC,67.4,67.4
EMIL,41.31,41.31
UMAEXPORTS,22.71,22.3
AHL,19.75,19.75
NRL,85.31,85.31
GRWRHITECH,37.8,37.8
DCMSRIND,14.28,14.28
EMUDHRA,101.01,101.01
FIVESTAR,29.05,29.05
SBC,67.46,67.46
ELDEHSG,24.85,24.85
MHLXMIRU,13.75,13.75
GATEWAY,17.94,17.94
ZIMLAB,29.79,29.79
RAINBOW,68.11,68.11
AETHER,148.36,77.68
INDOBORAX,15.83,15.83
ETHOSLTD,122.56,122.56
HARSHA,36.82,36.82
GMRP&UI,5.89,
TVSSCS,9053.09,228.71
ACI,30.3,30.3
RITCO,33.26,33.26
HARDWYN,130.24,130.24
MEDICO,46.02,46.02
YATHARTH,42.7,42.7
NGLFINE,30.85,30.85
IDEAFORGE,104.62,104.62
POCL,57.84,57.84
TATATECH,87.84,87.84
ASHOKAMET,8.02,8.02
PTCIL,554.86,554.86
AEROFLEX,60.02,59.85
VPRPL,29.48,29.48
KIRLPNU,68.06,65.28
JSWINFRA,60.3,60.3
YASHO,55.17,55.17
SANDUMA,21.79,21.79
MUFTI,20.2,20.2
MUTHOOTMF,10.36,10.36
BLSE,62.05,62.05
DIAMINESQ,73.39,73.39
EMKAYTOOLS,17.22,17.22
KKVAPOW,105,105
GICL,58.5,58.5
JALAN,,39.66
PASHUPATI,196.33,196.33
TIRUPATI,70.27,70.27
BETA,51.18,51.18
AISL,33.65,33.65
INNOVANA,21.58,21.58
MDL,54.7,51.13
MAHICKRA,84.3,84.3
SPECTRUM,121.67,121.67
DRSDILIP,43.21,43.21
KHFM,154.62,154.62
PARTYCRUS,20.91,20.91
VMARCIND,34.98,34.98
AILIMITED,63.21,63.21
ABCOTS,75.64,75.64
REXPIPES,15.51,15.51
DYNAMIC,88.32,88.32
KOTYARK,46.52,46.52
COOLCAPS,227.9,227.79
SHIGAN,47.23,47.23
MADHAVBAUG,71.58,71.58
KNAGRI,38.04,38.04
KRISHIVAL,69.6,69.6
SWARAJ,25.61,25.61
VEEKAYEM,46.41,46.41
MWL,37.63,37.63
ARISTO,23.53,23.53
JFLLIFE,21.37,21.37
USASEEDS,23.21,23.21
KORE,141.15,138.08
ALLETEC,43.86,43.86
CLOUD,2.94,2.94
ANNAPURNA,65.45,65.45
PHANTOMFX,19.12,19.12
IPSL,36.97,36.97
JIWANRAM,23.3,23.3
ARIHANTACA,89.57,89.57
ANLON,66.71,66.71
CMNL,24.23,23.89
SAHANA,77.15,77.15
LRRPL,216.38,216.38
DENEERS,21.77,21.77
NIRMAN,43.99,43.99
SYSTANGO,21.54,21.54
MOS,61.89,61.89
SPECTSTM,31.37,31.37
SHRITECH,13.21,13.21
INFINIUM,88.48,88.48
AATMAJ,67.61,67.61
PENTAGON,18.99,18.99
EFACTOR,24.23,24.23
SYNOPTICS,17.12,17.12
SSFL,102.35,102.35
SANGANI,35.81,35.81
DRONE,72.4,72.4
SERVICE,32.79,32.79
VINSYS,22.99,22.99
ACSAL,26.16,26.16
UNIHEALTH,23.2,23.2
ONDOOR,38.23,37.88
TRANSTEEL,11.26,11.11
SUNREST,111.23,111.23
MAL,8.76,8.76
BASILIC,33.66,33.66
CPS,111.47,111.47
NEWJAISA,50.19,50.19
WOMANCART,53.64,53.64
SHANTHALA,120.85,120.85
KONTOR,93.53,93.53
INSPIRE,17.54,17.54
JKCEMENT,38.26,38.69
M&MFIN,17.29,17.29
KEI,59.94,59.92
SOLARINDS,104.2,104.2
KKCL,27.32,27.32
SUNTV,16.02,16.02
RSYSTEMS,43.16,43.16
BALPHARMA,27.72,27.72
SWELECTES,31.17,73.15
RATNAMANI,42.09,42.09
JKLAKSHMI,20.05,20.32
ALLCARGO,182.21,110.33
EMAMILTD,41.99,41.71
TECHM,65.05,65.13
VOLTAMP,60.69,60.69
SELAN,28.27,28.27
ANANTRAJ,85.54,85.54
HOVS,32.01,32.01
TALBROAUTO,19.56,27.84
GEECEE,19.83,19.83
JMFINANCIL,392.24,14.72
FIEMIND,24.17,24.17
GESHIP,6.6,6.6
MANALIPETC,44.73,40.93
RUCHIRA,9.12,9.12
JINDRILL,14.98,14.98
PLASTIBLEN,20.59,20.59
TANLA,20.81,20.81
AVTNPL,25.16,25.16
SARLAPOLY,17.22,17.22
AUTOIND,22.87,23.43
GANDHITUBE,18.28,18.28
TTL,22.79,63.37
FSL,44.99,44.99
INDIANB,7.83,7.83
LAOPALA,32.41,32.41
JOCIL,72.87,72.87
MAWANASUG,8.95,8.95
AJMERA,25.31,25.31
MHRIL,63.05,63.05
VINATIORGA,58.55,58.55
NHPC,21.14,21.14
SUNTECK,86.31,86.31
ZYDUSWELL,41.57,41.57
SARDAEN,33.22,33.1
AHLUCONT,21.53,35.74
GODREJPROP,70.58,70.58
MMTC,126.47,95.55
MBLINFRA,3.43,
JUBLFOOD,106.75,184.31
EMMBI,22.63,22.63
TEXMOPIPES,78.55,18.14
PERSISTENT,73.67,73.67
KIRLOSBROS,41.31,41.44
SJVN,47.07,50.3
MANAPPURAM,6.65,6.65
HMVL,189.06,189.06
BLISSGVS,15.36,7.58
AHLEAST,11.15,15.1
UGARSUGAR,49.87,49.87
ADFFOODS,46.09,46.09
ORISSAMINE,339.68,339.68
CAREERP,15.49,15.49
GREENPOWER,65.68,102.74
WABAG,43.22,42.99
OBEROIRLTY,31.75,31.75
COALINDIA,8.64,8.64
GRAVITA,66.94,66.94
RPPINFRA,11.61,11.61
MOIL,20.8,20.8
ZEELEARN,2.28,8.98
RKDL,,84.92
FMNL,1.21,
KICL,45.05,59.72
JUBLINDS,74.08,37.59
TEXRAIL,71.45,71.45
DHUNINV,18.16,18.16
PFS,17.47,17.47
SYMPHONY,57.79,57.79
KARMAENG,113.87,149.58
MAITHANALL,4.16,4.16
ELGIRUBCO,19.59,121.37
PENINLAND,25.24,26.33
THERMAX,87.78,102.26
PREMIERPOL,28.2,28.2
SESHAPAPER,9.05,9.05
FACT,2300.14,280.2
EXIDEIND,48.01,48.01
ELECON,46.52,46.52
PEL,,135.97
MASTEK,29.83,29.6
LUMAXIND,43.12,43.12
TRENT,177.11,266.46
CUMMINSIND,64.67,64.62
JAYBARMARU,33.62,33.62
JBCHEPHARM,49.85,49.85
INDIAGLYCO,26.65,26.65
IGPL,44.04,44.04
GNFC,18.24,18.24
BPCL,8.22,7.97
BASF,53.22,54.03
ATUL,70.7,70.7
ACC,19.15,21.7
SCI,14.86,14.86
MRPL,11.22,11.2
HINDPETRO,10.99,10.99
BAJAJHLDNG,81.07,81.07
VOLTAS,102.78,102.78
TITAN,87.47,87.47
SUNDARMFIN,35.43,33.98
SPIC,17.74,12.38
SBIN,10.48,9.74
NOCIL,40.03,40.03
DRREDDY,20.16,20.16
CHAMBLFERT,15.72,15.72
HINDOILEXP,14.13,16.69
DICIND,,54.46
RAMCOCEM,57.37,57.37
ADORWELD,27.43,27.43
TORNTPHARM,66.26,69.18
FEDERALBNK,11.65,11.65
VLSFINANCE,4.33,4.33
BIRLACABLE,66.33,66.33
WEIZMANIND,26.2,26.2
JTEKTINDIA,42.52,42.52
TATAELXSI,56.15,56.15
SANDESH,6.25,6.25
HCC,16.41,
APOLLOHOSP,95.39,95.5
BALKRISIND,35.24,35.24
INDBANK,21.62,21.62
RAJSREESUG,20.56,20.56
ONGC,7.54,7.34
TAINWALCHM,41.7,41.7
JINDALPOLY,24.49,108.37
JYOTISTRUC,87.38,87.38
BSL,20.75,20.75
JAYNECOIND,30.46,27.17
SOTL,20.03,20.03
RCF,56.66,62.46
DECCANCE,33.01,22.5
WSI,18.7,17.96
ADVANIHOTR,27.16,27.16
SUNFLAG,26.88,26.88
SIMPLEXINF,21.64,21.64
WIPRO,23.35,23.35
TATACOMM,57.37,69.43
MURUDCERA,55.54,55.54
SANOFI,32.03,30.11
KAJARIACER,52.9,52.87
PRSMJOHNSN,86.62,
PIDILITIND,86.78,84.49
3PLAND,35.13,35.13
EIHAHOTELS,30.48,30.48
RUBYMILLS,19.17,19.17
IDBI,13.92,13.92
BRITANNIA,65.85,65.25
ELECTCAST,13.49,13.49
DABUR,54.86,54.86
HEROMOTOCO,25.12,25.12
HDFCBANK,18.28,18.18
GMBREW,12.09,12.09
ITC,29.52,29.51
INDIANHUME,24.26,24.26
IOC,7.64,7.64
RICOAUTO,35.71,34.79
BANCOINDIA,18.72,18.72
MANINDS,18.32,18.32
SIYSIL,12.9,12.9
SHANTIGEAR,54.54,54.54
ONWARDTEC,31.42,31.42
NCC,25.16,24.51
ASTRAL,91.66,91.66
NAHARPOLY,1697.46,1697.46
BALAMINES,33.91,33.91
AROGRANITE,53.85,53.85
BFUTILITIE,19.92,19.92
WEBELSOLAR,,456.42
NAVINFLUOR,63.45,77.2
TIMETECHNO,30.34,30.34
V2RETAIL,124.32,124.32
MEGASOFT,94.76,94.76
PURVA,119.78,119.78
MOTILALOFS,19.82,19.82
KSCL,14.63,14.63
MAANALU,49.23,49.23
RELIGARE,31.75,89.81
ADANIPORTS,32.55,31.04
COLPAL,64.83,64.83
JYOTHYLAB,50.92,50.92
KALYANIFRG,43.89,43.89
ECLERX,27.73,27.66
BRIGADE,68.14,68.14
PATINTLOG,26.76,26.76
AMBIKCO,14.42,14.42
CEATLTD,18.96,17.8
JKIL,16.21,16.21
CORDSCABLE,24.91,24.91
HERCULES,20.91,20.91
IRB,37.85,37.85
NMDC,11.18,10.79
NAHARCAP,13.67,13.67
RECLTD,9.76,9.76
NESCO,18.94,18.94
BAJAJ-AUTO,35.92,35.92
GOKUL,297.67,23.36
ALMONDZ,22.19,57.07
RANEENGINE,28.33,23.02
ARCHIDPLY,110.9,110.9
LOTUSEYE,69.01,69.76
VINYLINDIA,29.55,29.55
INDSWFTLAB,2.57,13.6
FDC,28.32,28.32
ADROITINFO,16.1,16.1
GMDCLTD,19.3,19.3
INDUSINDBK,11.63,11.63
TRIGYN,25.2,25.2
J&KBANK,5.75,5.75
CUB,10.78,10.78
ASTRAZEN,198.92,104.43
AXISBANK,13.08,13.08
SONATSOFTW,59.16,4.85
CYBERTECH,27.76,27.76
KOKUYOCMLN,41.9,41.9
DHANBANK,38.76,38.76
STCINDIA,13.01,13.76
IVC,68.7,68.7
JINDALSTEL,16.97,16.97
NIPPOBATRY,2.81,2.81
HCLTECH,30.09,30.09
ACCELYA,26.89,26.96
NRBBEARING,10.8,29.31
BIL,68.83,68.83
KTKBANK,6.44,6.44
AJANTPHARM,47.35,47.35
CALSOFT,52.78,52.78
TVSMOTOR,67.97,67.97
PNC,28.87,28.87
NLCINDIA,17.97,17.97
REPRO,91.63,91.63
USHAMART,30.87,30.87
BALAJITELE,94.43,94.43
KHANDSE,81.12,81.12
MARKSANS,38.47,38.47
SMARTLINK,30.58,30.58
JISLJALEQS,63.73,63.73
LUPIN,43.39,43.39
TCI,29.5,29.28
OLECTRA,172.92,188.25
PNB,10.87,10.87
TIMESGTY,69.38,69.38
NUCLEUS,19.66,19.66
CANBK,5.69,5.69
RADAAN,16.57,16.57
MARUTI,26.45,26.45
UCOBANK,27.22,27.22
NSIL,47.19,47.19
JAIBALAJI,21.32,21.32
MUKANDLTD,23.16,23.16
VAIBHAVGBL,39.15,37.44
RKFORGE,54.19,54.12
CCL,33.8,33.8
APARINDS,49.98,49.98
NIITLTD,49.66,49.66
TCS,31.19,30.73
INDSWFTLTD,2.93,2.93
NTPC,20.01,20.01
DWARKESH,38.66,38.66
PATELENG,16.15,21.1
JSWSTEEL,31.68,33.8
JPPOWER,11.57,8.34
EVEREADY,65.94,65.94
IIFL,10.61,10.61
WELCORP,21.25,21.25
SSWL,4.97,14.6
SURYALAXMI,56.39,30.23
GRANULES,29.28,29.28
GEOJITFSL,24.84,24.84
MSPL,84.54,84.58
NECLIFE,136.78,136.78
GOLDIAM,42.03,42.03
SASKEN,36.29,36.29
FCSSOFT,,58.83
SUZLON,115.6,107.88
TRIVENI,26.41,26.41
NAHARINDUS,39,34.74
EKC,21.19,20.8
ROHLTD,20.22,20.22
GSPL,9.8,9.98
JAGRAN,12.07,12.07
SAKUMA,16.79,16.79
IGL,22.03,22.03
SIL,135.99,135.99
BIOCON,19.74,19.95
ULTRACEMCO,45.52,45.34
GUFICBIO,49.28,49.28
KOTARISUG,39.44,39.44
SUPRAJIT,40.4,40.4
JINDALPHOT,53.86,53.86
SHOPERSTOP,205.41,176.8
JKPAPER,8.79,8.79
VHL,349.39,41.33
SPLIL,15.15,15.14
IMPAL,21.03,21.03
HIRECT,104.33,81.19
HBLPOWER,56.93,53.32
LUMAXTECH,21.56,21.56
PITTIENG,47.18,47.18
TIIL,25.56,24.92
PFC,7.23,7.23
JKTYRE,12.57,12.24
NCLIND,12.82,12.82
EDELWEISS,21.43,21.43
OIL,12.01,12.07
DEN,10.67,10.67
SHILPAMED,163.17,175.63
DBCORP,13.31,13.31
BEARDSELL,22.72,22.72
UNITEDTEA,15,15
DBREALTY,7.19,7.64
LGBBROSLTD,14.74,15.42
KSL,20.41,20.41
UMESLTD,112.91,112.91
GPPL,27.2,25.3
SASTASUNDR,8.26,8.33
CANTABIL,34.34,35.02
PRESTIGE,47.83,47.83
CGCL,41.35,41.35
JINDWORLD,78.06,78.06
A2ZINFRA,11.73,
HINDMOTORS,14.89,14.89
LOVABLE,58.24,58.24
PIIND,38.93,38.93
DHANUKA,27.25,27.25
BODALCHEM,332.97,332.97
PFIZER,43.52,44
DEEPAKFERT,24.04,24.04
COROMANDEL,31.38,31.38
ASIANPAINT,58.27,58.27
TATACHEM,,44.53
VIPIND,12393.54,12393.54
SRF,54.6,54.6
HONAUT,82,82
SUNPHARMA,43.15,42.52
NEULANDLAB,58.95,61.85
BERGEPAINT,57.72,57.92
SHRIPISTON,21.78,21.78
ASPINWALL,17.2,17.2
RADIOCITY,62.61,62.61
ARIHANTSUP,28.21,28.21
SHANKARA,15.17,15.17
WIPL,53.73,53.73
STARCEMENT,36.96,36.96
GTPL,25.77,25.77
STEELXIND,74.95,74.95
OPTIEMUS,106.31,106.31
TCPLPACK,28.28,28.28
NIACL,31.12,31.12
HDFCLIFE,92.42,92.42
CHALET,75.27,75.27
ICIL,22.32,22.32
ELGIEQUIP,65.43,65.43
BBTC,9.32,8.99
EIHOTEL,40.51,39.97
LICHSGFIN,7.09,7.09
BEPL,21.04,21.04
MOREPENLAB,39.99,39.99
21STCENMGM,2.04,2.04
VENKEYS,19.27,19.27
PRAJIND,47.75,51.44
BPL,23.6,23.6
PGHH,79.76,79.76
TFCILTD,14.59,14.59
BOMDYEING,1.61,
NAVNETEDUL,3.91,16.83
GLAXO,70.17,62.11
INDHOTEL,79.85,79.85
LYKALABS,962.17,486
ORIENTHOT,69.69,69.69
FOSECOIND,46.48,46.7
3MINDIA,62.13,62.13
RALLIS,46.46,46.46
MFSL,90.54,90.54
KOPRAN,24.3,24.3
HEG,366.95,366.95
GODFRYPHLP,53.18,50.2
SURYAROSNI,20.1,20.1
TIMKEN,71.97,71.97
SHREECEM,41.6,41.6
SAKHTISUG,4.67,
AKZOINDIA,42.16,42.16
HINDUNILVR,62.21,62.19
FINPIPE,23.41,38.86
FINCABLES,27.32,39.85
DCM,31.03,31.03
CESC,17.44,21.18
PVP,11.12,
CORALFINAC,10.12,10.12
GREENPLY,42.95,47.21
REMSONSIND,49.89,51.42
SWARAJENG,26.04,26.04
MRF,26.68,26.68
TNPETRO,15.64,13.97
CUBEXTUB,36.28,36.28
MARICO,56,56
ZENITHEXPO,3382.37,3382.37
INDIANCARD,2.26,
HITECHGEAR,12.85,33.32
GUJAPOLLO,30.65,30.65
JAGSNPHARM,61.73,54.84
MPHASIS,36.55,36.55
RAMCOIND,27.32,27.32
INDRAMEDCO,28.71,28.71
MADRASFERT,19.89,12.23
BANKINDIA,7.2,7.2
ICICIBANK,18.6,18.6
FILATEX,20.13,20.13
TDPOWERSYS,50.35,50.35
VASWANI,19.53,19.53
PGEL,82.54,82.54
PAISALO,25.44,25.49
TRITURBINE,85.07,85.07
DSSL,29.52,29.52
RUPA,29.36,28.34
VIKASECO,39.15,39.15
KANANIIND,98.08,98.08
THOMASCOTT,25.79,25.79
DBSTOCKBRO,19,19
SCHNEIDER,106.53,104.65
NBCC,67.07,51.64
TBZ,32.95,32.95
VSSL,23.34,23.34
SPECIALITY,25.7,25.7
MAYURUNIQ,20.18,20.18
DUCON,26.95,26.95
VETO,14.95,14.95
CARERATING,35.65,35.65
ORIENTCEM,40.22,40.22
SREEL,24.93,24.93
AGRITECH,14.08,14.08
CASTROLIND,24.69,24.69
AGARIND,13.86,13.86
GOCLCORP,28.54,26.18
SHARDACROP,36.91,36.91
CIGNITITEC,28.95,28.35
INTELLECT,40.03,39.68
FCL,35.36,35.36
GULPOLY,57.25,57.25
APOLSINHOT,53.75,53.75
GENUSPAPER,84.41,84.41
VISHNU,28.07,28.07
GANECOS,101.28,101.28
JMA,9.07,9.07
MANAKALUCO,44.12,44.12
MANAKCOAT,32.57,32.57
ZENTEC,106.72,107.99
LFIC,6.38,6.38
AVANTIFEED,20.21,20.21
TPLPLASTEH,39.25,39.25
ARROWGREEN,30.24,30.24
ALANKIT,23.64,23.64
BALKRISHNA,,17.56
RAMASTEEL,71.94,71.94
PKTEA,24.81,24.81
ARVSMART,83.37,83.37
GUJGASLTD,31.26,32.39
COFFEEDAY,,5.56
BALAXI,11.75,14.19
SALZERELEC,38.82,38.82
LINCOLN,13.52,13.52
NH,32.49,32.49
PRECAM,61.03,87.09
HITECH,69.87,69.87
NECCLTD,28.59,28.59
SEQUENT,345.08,
KDDL,27.68,27.75
BHARATWIRE,18.93,18.93
INFIBEAM,40.85,40.85
PARAGMILK,26.93,26.93
BLS,41.58,41.58
NAGAFERT,.33,.33
SALONA,23.66,23.66
MGL,14.54,14.54
POKARNA,33.02,33.02
GPTINFRA,29.71,29.71
QUESS,31.56,30.67
DBL,22.19,49.99
NDGL,22.44,22.44
BIGBLOC,68.08,68.08
CUPID,25.35,25.35
LTTS,42.29,42.29
ICICIPRULI,266.8,266.8
HPL,64.1,64.1
MASKINVEST,1349.5,1349.5
MAZDA,19.73,19.73
VBL,77.44,77.44
PODDARMENT,15.23,15.23
NBIFIN,152.86,152.86
SFL,48.69,69.29
LAURUSLABS,165.34,165.34
ITDC,86.63,86.53
HISARMETAL,18.58,18.58
SPCENET,136.98,136.98
BHANDARI,25.14,25.14
BSE,112.31,112.31
KALYANI,6,6
JITFINFRA,17.71,20.4
NRAIL,6.8,6.8
BHAGYANGR,36.64,36.64
PSPPROJECT,21.33,21.33
CDSL,67.34,67.34
AUBANK,30.95,29.82
SALASAR,60.74,60.74
THEINVEST,40.34,40.34
SMSLIFE,26.93,26.93
ABCAPITAL,17.62,17.62
DIXON,209.2,209.2
MATRIMONY,38.13,38.13
ICICIGI,92.04,92.04
SBILIFE,83.91,83.91
GODREJAGRO,44.66,44.66
IEX,47.54,47.54
GICRE,9.7,9.7
IFGLEXPOR,28.83,28.83
SHALBY,36.23,36.23
NEWGEN,59.89,59.89
GALAXYSURF,34.43,34.43
ASTERDM,62.03,
POLYPLEX,18.03,18.03
SAIL,21.52,14.51
GRAPHITE,10.63,40.08
DHAMPURSUG,14.96,14.96
KOTAKBANK,17.43,20.14
GOLDENTOBC,10.21,11.59
GABRIEL,32.13,32.13
PRAKASH,8.62,8.62
TATAINVEST,118.25,118.25
IPCALAB,74.37,80.66
GSFC,15.89,15.94
EIDPARRY,9.19,9.19
CGPOWER,139.81,142.97
BEL,49.58,49.58
PEARLPOLY,40.05,40.05
TTKPRESTIG,56.22,56.22
EIMCOELECO,36.95,36.95
SILINV,22.71,22.71
SUNDRMBRAK,43.82,43.82
AARTIDRUGS,29.14,29.14
WENDT,77.66,77.66
PUNJABCHEM,32.17,32.17
MMFL,19.37,19.51
GUJRAFFIA,38.19,38.19
KOTHARIPET,20.14,20.05
GAIL,15.33,15.33
ORBTEXP,17.47,17.47
SDBL,22.12,22.12
CAPLIPOINT,29.54,29.55
SUPERHOUSE,16.57,26.63
GRPLTD,73.12,67.71
HESTERBIO,111.08,111.08
BYKE,49.77,49.77
GMMPFAUDLR,42.95,42.95
HGINFRA,17.37,17.74
SUNDARMHLD,35.78,35.78
HAL,36.78,36.78
SANDHAR,27.68,28.62
LEMONTREE,57.35,57.35
ORIENTELEC,71.15,90.15
INDOSTAR,35.57,35.57
FINEORG,36.63,36.6
VARROC,17.85,17.85
HBSL,2.93,2.93
CREDITACC,11.17,11.17
IRCON,23.21,23.21
TECHNOE,69.28,69.28
DALBHARAT,40.25,35.99
PAKKA,31.76,31.76
ASAL,54.39,54.39
SURANAT&P,36.89,36.89
GENESYS,92.53,92.53
RADICO,109.12,109.12
VARDHACRLC,21.66,21.66
