1,AARTIPHARM,INE0LRU01027,616.35,20
2,DEEPAKNTR,INE288B01029,2868.75,20
3,TVSSCS,INE395N01027,186.98,20
4,RELINFRA,INE036A01016,277.95,100
5,NFL,INE870D01012,117.81,22.01
6,MARUTI,INE585B01010,12143.75,9
7,RAJESHEXPO,INE343B01030,280.9,20
8,BLUESTARCO,INE472A01039,2019.2,20
9,SGBJAN29IX,IN0020200377,8101.58,10
10,ITI,INE248A01017,239.35,21.68
11,BECTORFOOD,INE495P01012,1852.25,20
12,SGBMAR25,IN0020160126,7991.13,10
13,INDIAGLYCO,INE560A01015,1384.55,20
14,PGEL,INE457L01029,593.55,22.57
15,PREMIERENE,INE0BS701011,1084.1,20
16,SGBSEP27,IN0020190115,8000,10
17,SGBNOV25VI,IN0020170083,8000,10
18,RECLTD,INE020B01018,542.35,20.08
19,SGBAUG27,IN0020190107,8246.5,10
20,SGBMAY26,IN0020180033,8024.54,10
21,FLUOROCHEM,INE09N301011,4680.55,20
22,CHEMPLASTS,INE488A01050,489.4,20
23,PAGEIND,INE761H01022,45463.75,20
24,EICHERMOT,INE066A01021,4623.85,9.59
25,GUJALKALI,INE186A01019,823,20
26,NMDC,INE584A01023,224.02,20
27,KIRLOSENG,INE146L01010,1205,20
28,DHANI,INE274G01010,65.61,25.35
29,MOIL,INE490G01020,367.15,20.25
30,ANANTRAJ,INE242C01024,765.15,20
31,LMW,INE269B01029,16540.85,20
32,TIINDIA,INE974X01010,4461.35,20
33,STANLEY,INE01A001028,477.25,20
34,CHAMBLFERT,INE085A01013,500.3,20
35,SGBNOV25,IN0020170091,8049,10
36,RCF,INE027A01015,175.12,21.41
37,SANDHAR,INE278H01035,541.85,20
38,NCC,INE868B01028,310.6,20
39,STOVEKRAFT,INE00IN01015,879.25,20
40,VENUSPIPES,INE0JA001018,1895.4,20
41,TITAN,INE280A01028,3403.35,9.02
42,BASF,INE373A01013,8252.45,20
43,NIFTYIETF,INF109K012R6,275,6
44,HDFCBANK,INE040A01034,1673.15,9
45,HINDALCO,INE038A01020,734.8,12.52
46,LIQUIDBEES,INF732E01037,1000,5
47,POWERINDIA,INE07Y701011,15802.65,20
48,TATACONSUM,INE192A01025,1090.15,9
49,SUBEXLTD,INE754A01055,25.96,20.18
50,SGBMAR30X,IN0020210319,8300.05,10
51,TANLA,INE483C01032,856.95,20
52,TORNTPHARM,INE685A01028,3396.65,20
53,YESBANK,INE528G01035,20.9,20
54,COLPAL,INE259A01022,3370.25,20
55,NRBBEARING,INE349A01021,276.55,20
56,ROSSARI,INE02A801020,878.2,20
57,SGBJUN30,IN0020220045,8326.91,10
58,SHRIRAMPPS,INE217L01019,116.97,20.19
59,SGBOCT25IV,IN0020170067,8080,10
60,DMART,INE192R01011,4087.7,20
61,SULA,INE142Q01026,434.7,20
62,ABSLLIQUID,INF209KB18T9,1000.01,5
63,INDUSTOWER,INE121J01017,384.75,20
64,RICOAUTO,INE209B01025,102.61,21.28
65,UCOBANK,INE691A01018,45.11,20
66,DOMS,INE321T01012,2790,20
67,AADHARHFC,INE883F01010,437.7,20
68,JUNIORBEES,INF732E01045,789.91,6.09
69,KFINTECH,INE138Y01010,1069.3,20
70,FORTIS,INE061F01013,603.55,20
71,BERGEPAINT,INE463A01038,558.15,20
72,OIL,INE274J01014,525.1,20
73,ITC,INE154A01025,488.9,9
74,EMAMILTD,INE548C01032,715,20
75,EBBETF0431,INF754K01LE1,1275.61,20
76,IMFA,INE919H01018,703.9,20
77,3MINDIA,INE470A01017,33718.55,20
78,CONFIPET,INE552D01024,82.2,20
79,GUJGASLTD,INE844O01030,570.25,20
80,WHIRLPOOL,INE716A01013,2355.3,20
81,SOTL,INE035D01020,540.25,20
82,LTF,INE498L01015,166.41,20
83,ADVENZYMES,INE837H01020,490.85,20
84,VTL,INE825A01020,467.55,20
85,ICICIB22,INF109KB15Y7,115.47,20
86,JYOTHYLAB,INE668F01031,519.65,20
87,INDIANB,INE562A01011,512.8,20
88,MANKIND,INE634S01028,2683.85,20
89,SARDAEN,INE385C01021,498.45,20
90,LAOPALA,INE059D01020,358.2,20
91,GMDCLTD,INE131A01031,353.5,20.92
92,ASTRAL,INE006I01046,1862.75,20
93,SONACOMS,INE073K01018,648.6,20
94,HAVELLS,INE176B01034,1805.55,20
95,INTELLECT,INE306R01017,871,20
96,MAITHANALL,INE683C01011,1064.15,20
97,SAFARI,INE429E01023,2459.35,20
98,PFIZER,INE182A01018,5788.4,20
99,MCX,INE745G01035,6341.45,20
100,DRREDDY,INE089A01023,6704.05,9
101,ARVIND,INE034A01011,365.8,20
102,DCBBANK,INE503A01015,114.31,20
103,RRKABEL,INE777K01022,1734.7,20
104,JSWINFRA,INE880J01026,325.95,20
105,BIOCON,INE376G01013,339.05,20
106,BIRLACORPN,INE340A01012,1205.1,20
107,PIIND,INE603J01030,4463,20
108,INDUSINDBK,INE095A01012,1347.35,10.59
109,TATAPOWER,INE245A01021,450.2,20
110,FILATEX,INE816B01035,56.84,20
111,BRITANNIA,INE216A01030,5988.5,9
112,MSTCLTD,INE255X01014,709.25,22.73
113,IOLCP,INE485C01011,423.25,20
114,SGBNOV258,IN0020170109,7800,10
115,SGBOCT27VI,IN0020190388,8200,10
116,BPCL,INE029A01011,342.7,13.23
117,SGBDE30III,IN0020220110,8332.03,10
118,ABB,INE117A01022,8690.7,20
119,APTUS,INE852O01025,387.15,20
120,GOLDBEES,INF204KB17I5,64.44,20
121,SGBSEP24,IN0020160043,7512.82,10
122,CEATLTD,INE482A01020,2891.75,20
123,NSLNISP,INE0NNS01018,49.83,20
124,SGBOCT25V,IN0020170075,7950,10
125,MRF,INE883A01011,129811.75,20
126,SGBJUN28,IN0020200104,8100,10
127,SYNGENE,INE398R01022,878.55,20
128,INOXINDIA,INE616N01034,1160.3,20
129,ACC,INE012A01025,2265.1,20
130,GRINDWELL,INE536A01023,2451.6,20
131,SHREECEM,INE070A01015,24245.1,20
132,PHARMABEES,INF204KC1089,23.74,20
133,CLEAN,INE227W01023,1599.4,20
134,HCLTECH,INE860A01027,1867.8,9
135,JUBLPHARMA,INE700A01033,1173.45,20
136,TIMKEN,INE325A01013,3811.25,20
137,SGBMAR28X,IN0020190552,8140.99,10
138,SGBSEP31II,IN0020230093,8391.36,10
139,IIFL,INE530B01024,460,21.66
140,SBFC,INE423Y01016,88.02,20
141,ARE&M,INE885A01032,1368.8,20
142,ADANIENSOL,INE931S01010,1021.65,22.08
143,KAYNES,INE918Z01012,5582.6,20
144,STARCEMENT,INE460H01021,208.66,20
145,SGBJUL25,IN0020170034,7990,10
146,ANDHRAPAP,INE435A01051,102.26,20
147,TI,INE133E01013,301.4,20
148,EXIDEIND,INE302A01020,496.5,20
149,ABREL,INE055A01016,2856,20
150,THERMAX,INE152A01029,5108.7,20
151,NEXT50IETF,INF109KC1NS5,77.08,6.42
152,GOKEX,INE887G01027,903.5,20
153,GILLETTE,INE322A01010,8920.95,20
154,DHAMPURSUG,INE041A01016,207.61,20
155,MOTILALOFS,INE338I01027,929.4,20.31
156,ZAGGLE,INE07K301024,438.6,100
157,SGBOCT27,IN0020190370,8000,10
158,VEEDOL,INE484C01030,2092.4,20
159,JSWSTEEL,INE019A01038,979.5,10.6
160,TDPOWERSYS,INE419M01027,409.6,20
161,BAJAJHLDNG,INE118A01012,10402.75,20
162,TTML,INE517B01013,79.1,20.48
163,IDEAFORGE,INE349Y01013,661.3,20
164,M&MFIN,INE774D01024,282.15,20
165,MOM30IETF,INF109KC17C7,37.11,20
166,KNRCON,INE634I01029,315.8,20
167,NAVKARCORP,INE278M01019,134.06,24.72
168,HATHWAY,INE982F01036,20.02,20
169,RAIN,INE855B01025,178.5,20
170,IRFC,INE053F01010,149.12,20.74
171,WIPRO,INE075A01022,528.75,10.74
172,JTLIND,INE391J01024,212.39,20
173,TATATECH,INE142M01025,1059.9,20
174,ATUL,INE100A01010,7759.15,20
175,GMRINFRA,INE776C01039,86.59,20
176,NEWGEN,INE619B01017,1244.4,20
177,NIACL,INE470Y01017,208.57,22.73
178,INTERARCH,INE00M901018,1602.2,20
179,DIVISLAB,INE361B01024,6077.4,20
180,ASTERDM,INE914M01019,419.65,20
181,SENCO,INE602W01019,1356.8,20
182,SHARDACROP,INE221J01015,604.6,20
183,SGBAPR28I,IN0020200062,8215.81,10
184,ABSLAMC,INE404A01024,765.3,20
185,AARTIDRUGS,INE767A01016,500.95,20
186,BANKBEES,INF204KB15I9,526.9,20
187,IDFC,INE043D01016,107.97,100
188,SGBAUG29V,IN0020210129,8300,10
189,ABDL,INE552Z01027,334.7,20
190,TRENT,INE849A01020,7719.65,14.07
191,EBBETF0430,INF754K01KO2,1426.53,20
192,MFSL,INE180A01020,1173.7,20
193,BANSALWIRE,INE0B9K01025,425.05,20
194,FINCABLES,INE235A01022,1313.4,20
195,PVRINOX,INE191H01014,1609.75,20
196,TATACHEM,INE092A01019,1073.85,20
197,KAJARIACER,INE217B01036,1390.45,20
198,SILVERBEES,INF204KC1402,88.59,20
199,APLLTD,INE901L01018,1185.35,20
200,CAPLIPOINT,INE475E01026,1873.15,20
201,SGBNV29VII,IN0020210178,8165.9,10
202,POLYCAB,INE455K01017,7120.55,20
203,BSOFT,INE836A01035,593.5,20
204,AJANTPHARM,INE031B01049,3236.55,20
205,PVTBANIETF,INF109KC18U7,25.63,20
206,ACI,INE128X01021,664.2,20
207,HONAUT,INE671A01010,49569.15,20
208,SIEMENS,INE003A01024,7717.65,20
209,HAL,INE066F01020,4518.6,20
210,MAZDOCK,INE249Z01012,4237.8,25.68
211,HINDCOPPER,INE531E01026,317.2,20.45
212,TRIDENT,INE064C01022,35.66,20
213,SGBJUN29II,IN0020210061,8096.66,10
214,AUBANK,INE949L01017,686.95,20
215,MOREPENLAB,INE083A01026,86.23,21.76
216,IIFLSEC,INE489L01022,432.35,25.99
217,UPL,INE628A01036,553.7,20
218,SGBJUL27,IN0020190081,8100,10
219,MARKSANS,INE750C01026,283.15,21.26
220,SANSTAR,INE08NE01025,127.56,20
221,SAREGAMA,INE979A01025,546.8,20
222,AETHER,INE0BWX01014,924.6,20
223,POLICYBZR,INE417T01026,1685.05,20
224,CENTURYPLY,INE348B01021,879.4,20
225,HDFCLIFE,INE795G01014,726.1,9.73
226,BAJAJELEC,INE193E01025,875.85,20
227,ECLERX,INE738I01010,3009.8,20
228,HIKAL,INE475B01022,368.45,20
229,NAUKRI,INE663F01024,7979.6,20
230,APARINDS,INE372A01015,10336.3,20
231,TRITURBINE,INE152M01016,772.65,20
232,SOUTHBANK,INE683A01023,25.19,20
233,ALPHA,INF174KA1IA5,56.81,20
234,HOMEFIRST,INE481N01025,1200.85,20
235,LTFOODS,INE818H01020,417.35,20
236,EPACK,INE0G5901015,396.8,100
237,PEL,INE140A01024,1036.05,20
238,GMMPFAUDLR,INE541A01023,1468,20
239,AEROFLEX,INE024001021,199.83,20
240,SUMICHEM,INE258G01013,566.15,20
241,EMCURE,INE168P01015,1483.1,20
242,APLAPOLLO,INE702C01027,1552.25,20
243,GOODLUCK,INE127I01024,1059.75,20
244,KTKBANK,INE614B01018,227.74,20
245,ORIENTCEM,INE876N01018,342.6,20.52
246,POLYPLEX,INE633B01018,1113.3,20
247,KOPRAN,INE082A01010,298.8,20.57
248,FEDFINA,INE007N01010,110.3,20
249,BOMDYEING,INE032A01023,240.92,21.02
250,GIPCL,INE162A01010,225.21,20.17
251,SGBJUL28IV,IN0020200146,8099.95,10
252,TRIVENI,INE256C01024,432.35,20
253,VAKRANGEE,INE051B01021,27.71,24.86
254,PSPPROJECT,INE488V01015,647.25,20
255,SGBOCT25,IN0020170059,7985,10
256,MASTEK,INE759A01021,2985.2,20
257,CARTRADE,INE290S01011,1015.85,20
258,LODHA,INE670K01029,1169.55,20
259,RADICO,INE944F01028,2192.9,20
260,PERSISTENT,INE262H01021,5536,20
261,RTNINDIA,INE834M01019,70.8,20.88
262,GALAXYSURF,INE600K01018,2971.7,20
263,SGBD29VIII,IN0020210228,8141.27,10
264,GODIGIT,INE03JT01014,360.6,20
265,SMALLCAP,INF769K01LC3,53.01,20
266,HBLPOWER,INE292B01021,598.1,21.36
267,NATCOPHARM,INE987B01026,1389.2,20
268,BANDHANBNK,INE545U01014,190.19,20
269,SGBAUG28V,IN0020200161,8127.21,10
270,MGL,INE002S01010,1762.1,20
271,MAHABANK,INE457A01014,53.98,20
272,GODREJIND,INE233A01035,1035.7,20
273,SHRIRAMFIN,INE721A01013,3258.6,13.82
274,FEDERALBNK,INE171A01029,193.61,20
275,LLOYDSENGG,INE093R01011,78.34,24.95
276,BFUTILITIE,INE243D01012,1004.85,23.66
277,SGBMAY25,IN0020170018,8100,10
278,BHARTIHEXA,INE343G01021,1500.45,20
279,HDFCSILVER,INF179KC1DI2,88.75,20
280,ALKYLAMINE,INE150B01039,2250.3,20
281,PETRONET,INE347G01014,350.9,20
282,ESCORTS,INE042A01014,3789,20
283,FCL,INE045J01026,396.05,20
284,BORORENEW,INE666D01022,450.35,20
285,SETFNIF50,INF200KA1FS1,261.36,6
286,SGBN28VIII,IN0020200286,8173,10
287,GREENPANEL,INE08ZM01014,412.6,20
288,LIQUIDBETF,INF0QA701854,999.99,5
289,NOCIL,INE163A01018,301.65,20
290,CGPOWER,INE067A01029,837.2,20
291,PRAKASH,INE603A01013,168.02,21.44
292,CHOLAFIN,INE121A01024,1456.55,20
293,SHARDAMOTR,INE597I01028,2176.85,20
294,SEQUENT,INE807F01027,195.34,100
295,M&M,INE101A01026,2964.6,11.88
296,UNOMINDA,INE405E01023,958.5,20
297,JWL,INE209L01016,522.85,22.89
298,AWL,INE699H01024,327.6,20
299,ELGIEQUIP,INE285A01027,664.15,20
300,MID150BEES,INF204KB1V68,223.42,6.02
301,PGHH,INE179A01014,16587.1,20
302,SANSERA,INE953O01021,1560.85,20
303,TVSMOTOR,INE494B01023,2679.25,20
304,PNCINFRA,INE195J01029,459.2,20
305,SDBL,INE480C01038,106.61,20
306,GAEL,INE036B01030,137.97,20
307,SRF,INE647A01010,2262.95,20
308,GEOJITFSL,INE007B01023,148.58,23.12
309,CHALET,INE427F01016,862.8,20
310,BANKINDIA,INE084A01016,104.68,20
311,ZYDUSLIFE,INE010B01027,1020.85,20
312,GABRIEL,INE524A01029,434.35,20
313,CANBK,INE476A01022,102.5,20
314,KARURVYSYA,INE036D01028,216.91,20
315,ADANIENT,INE423A01024,3013.75,19.52
316,GODFRYPHLP,INE260B01028,6955.45,23.32
317,SOBHA,INE671H01015,1757.4,20
318,PGHL,INE199A01012,5207,20
319,CDSL,INE736A01011,1545,20
320,MUTHOOTFIN,INE414G01012,1955.45,20
321,MAHLIFE,INE813A01018,515.65,20
322,JKTYRE,INE573A01042,396.15,20
323,UBL,INE686F01025,1982.6,20
324,TIPSMUSIC,INE716B01029,770.05,20
325,WESTLIFE,INE274F01020,873.15,20
326,COFORGE,INE591G01017,7257.25,20
327,AAVAS,INE216P01012,1728,20
328,ENGINERSIN,INE510A01028,187.83,21.74
329,KELLTONTEC,INE164B01022,147.55,22.31
330,AFFLE,INE00WC01027,1581.55,20
331,VAIBHAVGBL,INE884A01027,293.7,20
332,WSTCSTPAPR,INE976A01021,606.95,20
333,KPRMILL,INE930H01031,936.7,20
334,LIQUIDSHRI,INF680P01422,1017.81,5
335,CYIENTDLM,INE055S01018,693.65,20
336,MHRIL,INE998I01010,382.5,20
337,ONGC,INE213A01029,281.6,14.23
338,GODREJCP,INE102D01028,1347.3,20
339,ANGELONE,INE732I01013,3127.85,21.9
340,HEROMOTOCO,INE158A01026,5217.45,9.91
341,IONEXCHANG,INE570A01022,660.9,20
342,GODREJPROP,INE484J01027,3084.2,20
343,RBA,INE07T201019,104.02,20
344,EVEREADY,INE128A01029,417.95,20
345,IGL,INE203G01027,504.55,20
346,GICRE,INE481Y01014,392.85,20
347,APOLLOHOSP,INE437A01024,6989.3,9
348,KEC,INE389H01022,993,20
349,SAIL,INE114A01011,127.83,20
350,SPIC,INE147A01011,81.44,20
351,MASFIN,INE348L01012,299.95,20
352,LICHSGFIN,INE115A01026,611.8,20
353,INDIGO,INE646L01027,4624,20
354,TATASTEEL,INE081A01020,152.4,11.72
355,SGBMAY29I,IN0020210053,8140.5,10
356,IDBI,INE008A01015,81.16,20
357,SGBJAN26,IN0020170166,7980,10
358,ZENSARTECH,INE520A01027,695.1,20
359,FIEMIND,INE737H01014,1645.95,20
360,MEDPLUS,INE804L01022,675.85,20
361,CARYSIL,INE482D01024,789.3,20
362,YATHARTH,INE0JO301016,625.75,20
363,SHK,INE500L01026,322.05,20
364,NUVOCO,INE118D01016,362.1,20
365,CUB,INE491A01021,153.32,20
366,FIVESTAR,INE128S01021,897.75,20
367,UTKARSHBNK,INE735W01017,42.74,20
368,RVNL,INE415G01027,489.6,25.31
369,SATIN,INE836B01017,192.75,20
370,BAJAJFINSV,INE918I01026,1815.8,9.46
371,NEULANDLAB,INE794A01010,15441.15,22.98
372,BEML,INE258A01016,3909.4,22.67
373,GPPL,INE517F01014,209.83,20
374,SUNDARMFIN,INE660A01013,4837.35,20
375,EBBETF0425,INF754K01LD3,1246,20
376,RBLBANK,INE976G01028,202.45,20
377,OLECTRA,INE260D01016,1682.8,20
378,HONASA,INE0J5401028,424.25,20
379,MINDACORP,INE842C01021,531.2,20
380,VINATIORGA,INE410B01037,1973.5,20
381,RELIANCE,INE002A01018,2712.85,9
382,IMAGICAA,INE172N01012,78.87,21.83
383,ANURAS,INE930P01018,723.75,20
384,AHLUCONT,INE758C01029,1143.25,20
385,SIGNATURE,INE903U01023,1485.05,20
386,DEEPAKFERT,INE501A01019,1034.4,20
387,HAPPSTMNDS,INE419U01012,802.4,20
388,UNIPARTS,INE244O01017,461.55,20
389,SFL,INE916U01025,886.05,20
390,WELSPUNLIV,INE192B01031,161.66,20
391,SUVENPHAR,INE03QK01018,1249.95,20
392,KOTAKBANK,INE237A01028,1864.05,9
393,INFY,INE009A01021,1968.1,9
394,UNIECOM,INE00U401027,212.67,20
395,LIQUID,INF769K01KS1,999.99,5
396,SHAREINDIA,INE932X01026,317.1,20
397,VARROC,INE665L01035,573.75,20
398,KANSAINER,INE531A01024,287,20
399,SBIN,INE062A01020,811.05,10.99
400,ENTERO,INE010601016,1376.55,20
401,DELTACORP,INE124G01033,122.16,20
402,LINDEINDIA,INE473A01011,8397.6,20
403,CAMLINFINE,INE052I01032,110.51,20
404,PRESTIGE,INE811K01011,1793.6,20
405,GRASIM,INE047A01021,2705.85,9
406,NHPC,INE848E01016,84.95,20
407,SHILPAMED,INE790G01031,858.85,20
408,TECHM,INE669C01036,1699,10.19
409,SGBDEC2513,IN0020170158,8100,10
410,REDINGTON,INE891D01026,174.08,20
411,ALKEM,INE540L01014,6023,20
412,NTPC,INE733E01010,417.75,11.98
413,JIOFIN,INE758E01017,329.15,20
414,PIDILITIND,INE318A01026,3154.45,20
415,RENUKA,INE087H01022,44.92,20
416,GANECOS,INE845D01014,2384.15,20
417,LICI,INE0J1Y01017,933.1,20
418,PPLPHARMA,INE0DK501011,224.22,20
419,JINDALSAW,INE324A01032,366.3,20
420,JBCHEPHARM,INE572A01036,1884.45,20
421,UNITDSPR,INE854D01024,1528.15,20
422,SGBNOV26,IN0020180314,8010,10
423,SGBSEP28VI,IN0020200195,8135,10
424,RELAXO,INE131B01039,784,20
425,SGBDEC25,IN0020170125,8255,10
426,JAMNAAUTO,INE039C01032,116.31,20
427,MANGLMCEM,INE347A01017,841.05,20
428,CMSINFO,INE925R01014,586.1,20
429,MUTHOOTMF,INE046W01019,217.34,20
430,ARVINDFASN,INE955V01021,601.9,20
431,JAICORPLTD,INE070D01027,365.5,22.55
432,SBICARD,INE018E01016,740,20
433,TEGA,INE011K01018,1860.75,20
434,PHOENIXLTD,INE211B01039,1623.6,20
435,AUROPHARMA,INE406A01037,1468.65,20
436,CERA,INE739E01017,7817.85,20
437,VPRPL,INE0AE001013,285.05,20
438,GATEWAY,INE079J01017,85.66,20
439,SUPRAJIT,INE399C01030,507.85,20
440,ORIENTPPR,INE592A01026,44.47,20
441,TBOTEK,INE673O01025,1715.75,20
442,AVANTEL,INE005B01027,176.85,20
443,HINDUNILVR,INE030A01027,2738.65,9
444,LUPIN,INE326A01037,2176.3,20
445,TIRUMALCHM,INE338A01024,310.6,20
446,ITBEES,INF204KB15V2,45.62,20
447,VRLLOG,INE366I01010,586.65,20
448,SETFGOLD,INF200KA16D8,66.38,20
449,MIDCAPETF,INF769K01IC9,22,6.22
450,SUDARSCHEM,INE659A01023,1071.8,20
451,KSB,INE999A01023,890.25,20
452,LAURUSLABS,INE947Q01028,466.2,20
453,SUPREMEIND,INE195A01028,5244.15,20
454,LTIM,INE214T01019,6394.45,20
455,SYMPHONY,INE225D01027,1784.2,20
456,SGBOCT26,IN0020180249,7999,10
457,HINDOILEXP,INE345A01011,216.8,20
458,MON100,INF247L01AP3,165.75,6.82
459,VIPIND,INE054A01027,514.95,20
460,SUPRIYA,INE07RO01027,556.4,20
461,PTC,INE877F01012,187.52,20
462,HDFCAMC,INE127D01025,4728.65,20
463,JUSTDIAL,INE599M01018,1194.4,20
464,GOLD1,INF174KA1HJ8,64.84,20
465,ACE,INE731H01025,1388.5,20.18
466,SGBJ28VIII,IN0020190537,8000,10
467,LIQUIDETF,INF740KA1EU7,1000,5
468,UJJIVANSFB,INE551W01018,39.3,20
469,KALYANKJIL,INE303R01014,728.05,20
470,SYRMA,INE0DYJ01015,405.75,20
471,SPANDANA,INE572J01011,500.75,20
472,BALRAMCHIN,INE119A01028,638.65,20
473,PATELENG,INE244B01030,56.5,21.64
474,TATAELXSI,INE670A01012,7365.1,20
475,SGBMAR31IV,IN0020220169,8390,10
476,DBL,INE917M01012,498.6,20
477,SGBJAN30IX,IN0020210236,8176.4,10
478,PNBHOUSING,INE572E01012,933.65,20
479,PSUBNKBEES,INF204KB16I7,73.33,20
480,ADANIPORTS,INE742F01042,1394.7,16.63
481,IRMENERGY,INE07U701015,419.2,20
482,HINDZINC,INE267A01025,508.2,20
483,ORCHPHARMA,INE191A01027,1335.6,20
484,NYKAA,INE388Y01029,186.23,20
485,JISLJALEQS,INE175A01038,61.68,22.2
486,J&KBANK,INE168A01041,97.11,20
487,SGBSEP29VI,IN0020210145,8120.51,10
488,PSB,INE608A01012,52.17,20.73
489,KIMS,INE967H01025,542.15,20
490,VIJAYA,INE043W01024,1001.35,20
491,BANCOINDIA,INE213C01025,710.05,20
492,METROPOLIS,INE112L01020,2187.8,20
493,TTKPRESTIG,INE690A01028,898.3,20
494,HGINFRA,INE926X01010,1467.1,20
495,PCBL,INE602A01031,480.8,20
496,TATACOMM,INE151A01013,1830.05,20
497,PITTIENG,INE450D01021,1287.45,20
498,ATGL,INE399L01023,735.1,20.75
499,DATAPATTNS,INE0IX101010,2447.85,20
500,RAINBOW,INE961O01016,1452.15,20
501,TEXRAIL,INE621L01012,209.09,22.82
502,SUNDRMFAST,INE387A01021,1418.1,20
503,ASHOKLEY,INE208A01029,219.56,20
504,AMBER,INE371P01015,5482.8,20
505,VESUVIUS,INE386A01015,5775.25,20
506,GSPL,INE246F01010,395.1,20
507,SGBDC27VII,IN0020190461,8199,10
508,TATAMOTORS,INE155A01022,891.6,11.92
509,SGBNOV25IX,IN0020170117,7950,10
510,ASKAUTOLTD,INE491J01022,417.8,20
511,FORCEMOT,INE451A01017,6938.1,22.04
512,BATAINDIA,INE176A01028,1435,20
513,INFIBEAM,INE483S01020,28.9,20.23
514,ORIENTELEC,INE142Z01019,233.17,20
515,CSBBANK,INE679A01013,311.75,20
516,MOLDTKPAC,INE893J01029,735.2,20
517,JKCEMENT,INE823G01014,4291.55,20
518,WABAG,INE956G01038,1777.9,20
519,AVANTIFEED,INE871C01038,617.9,20
520,ASHOKA,INE442H01029,249.69,20
521,RATNAMANI,INE703B01027,3579.6,20
522,POLYMED,INE205C01021,2432.35,20
523,COROMANDEL,INE169A01031,1591.8,20
524,CIEINDIA,INE536H01010,528.85,20
525,SGBDEC26,IN0020180389,8150,10
526,GLENMARK,INE935A01035,1735.3,20
527,SAMHI,INE08U801020,196.71,20
528,LT,INE018A01030,3570.3,10.38
529,STARHEALTH,INE575P01011,549.65,20
530,AXISBANK,INE238A01034,1131.85,9.59
531,RAILTEL,INE0DD101019,430.8,24.39
532,JSWENERGY,INE121E01018,676.55,20
533,ELECTCAST,INE086A01029,194.45,20.59
534,CAPACITE,INE264T01014,370.1,20
535,BSE,INE118H01025,4257.55,23.54
536,IPCALAB,INE571A01038,1647.3,20
537,FDC,INE258B01022,546.6,20
538,CENTRALBK,INE483A01010,58.97,20
539,HINDPETRO,INE094A01015,433.35,20
540,BAJFINANCE,INE296A01024,6899.5,10.35
541,NLCINDIA,INE589A01014,261.85,21.14
542,SURYAROSNI,INE335A01020,669.65,20
543,LTGILTBEES,INF204KB1882,26.85,10
544,KESORAMIND,INE087A01019,209.05,20
545,INGERRAND,INE177A01018,4474.6,20
546,ABBOTINDIA,INE358A01014,28371.7,20
547,PARADEEP,INE088F01024,90.04,20
548,DEN,INE947J01015,49.17,20
549,IOC,INE242A01010,164.28,20
550,OBEROIRLTY,INE093I01010,1903.7,20
551,BALKRISIND,INE787D01026,2970.75,20
552,IEX,INE022Q01020,191.16,20
553,EMBDL,INE069I01010,128.78,22.79
554,ENDURANCE,INE913H01037,2394.35,20
555,MIDHANI,INE099Z01011,371.95,20
556,DREAMFOLKS,INE0JS101016,460.4,20
557,ANUP,INE294Z01018,2718.5,20
558,STYLEBAAZA,INE01FR01028,356.35,20
559,INDHOTEL,INE053A01029,687.3,20
560,AUTOBEES,INF204KC1337,255.76,20
561,PNB,INE160A01022,102.46,20
562,ISGEC,INE858B01029,1419,20
563,FSL,INE684F01012,338.2,20
564,ULTRACEMCO,INE481G01011,11017.3,9
565,ASTRAZEN,INE203A01020,7627.45,20
566,PRINCEPIPE,INE689W01016,539.75,20
567,BANKBARODA,INE028A01039,241.96,20
568,ICICIGI,INE765G01017,2040.45,20
569,GHCL,INE539A01019,610.35,20
570,SUNPHARMA,INE044A01036,1889.55,9
571,LIQUIDCASE,INF0R8F01034,104.87,5
572,RAMCOCEM,INE331A01037,848.9,20
573,GLAND,INE068V01023,1639.65,20
574,BEL,INE263A01024,284.55,15.04
575,SKIPPER,INE439E01022,574.25,25.99
576,BCLIND,INE412G01024,56.4,20.3
577,CONCOR,INE111A01025,868.9,20
578,SWARAJENG,INE277A01016,3004.2,20
579,SGBDEC25XI,IN0020170133,8100,10
580,INDGN,INE065X01017,681.2,20
581,SAMMAANCAP,INE148I01020,140.82,20
582,FMCGIETF,INF109KC19V3,64.86,20
583,GAIL,INE129A01019,222.02,20
584,PATANJALI,INE619A01035,1741.7,20
585,CREDITACC,INE741K01010,1047.35,20
586,DELHIVERY,INE148O01028,399.45,20
587,ABFRL,INE647O01011,330.7,20
588,FINPIPE,INE183A01024,312.4,20
589,SGBJU29III,IN0020210087,8128.18,10
590,IOB,INE565A01014,55.97,20.74
591,TMB,INE668A01016,441.35,20
592,SCHAEFFLER,INE513A01022,4010.45,20
593,ICICIPRULI,INE726G01019,735.15,20
594,CHOICEIN,INE102B01014,480,20
595,ISEC,INE763G01038,845.4,20
596,ABCAPITAL,INE674K01013,218.49,20
597,UTIAMC,INE094J01016,1304.5,20
598,TIMETECHNO,INE508G01029,453.65,20.42
599,BAJAJCON,INE933K01021,226.66,20
600,GLOBUSSPR,INE615I01010,1081.45,20
601,MANINFRA,INE949H01023,191.5,20
602,BALUFORGE,INE011E01029,800.7,20
603,DIXON,INE935N01020,15130.85,20
604,CONCORDBIO,INE338H01029,2018.9,20
605,MSUMI,INE0FS801015,63.85,20
606,CYIENT,INE136B01020,1858.85,20
607,SGBMAY28,IN0020200088,8097.26,10
608,SHRIPISTON,INE526E01018,2246.75,20
609,NATIONALUM,INE139A01034,225.17,20
610,KSCL,INE455I01029,898.35,20
611,MEDIASSIST,INE456Z01021,644.95,20
612,BHARTIARTL,INE397D01024,1701.15,9
613,DALBHARAT,INE00R701025,1835,20
614,BEPL,INE922A01025,153.35,20
615,SILVER,INF209KB19F6,92.03,20
616,STAR,INE939A01011,1643.3,20
617,PRAJIND,INE074A01025,802.45,20
618,AKUMS,INE09XN01023,913.85,20
619,MRPL,INE103A01014,168.78,20.67
620,LIQUID1,INF174KA1LV5,1013.8,5
621,DCW,INE500A01029,103.15,22.18
622,BHARATFORG,INE465A01025,1471.1,20
623,VEDL,INE205A01025,472.15,20
624,GPIL,INE177H01039,187.7,20
625,WONDERLA,INE066O01014,889.6,20
626,AMBUJACEM,INE079A01024,571.25,20
627,VOLTAS,INE226A01021,1834.6,20
628,NAM-INDIA,INE298J01013,707.6,20
629,CANFINHOME,INE477A01020,857.6,20
630,SILVERIETF,INF109KC1Y56,92.14,20
631,MAPMYINDIA,INE0BV301023,2155.65,20
632,DLF,INE271C01023,861,20
633,CARBORUNIV,INE120A01034,1468.4,20
634,NESCO,INE317F01035,958.25,20
635,SGBJUN27,IN0020190073,8150,10
636,MAHSEAMLES,INE271B01025,605.95,20
637,VBL,INE200M01039,588.4,20
638,BALAMINES,INE050E01027,2199.7,20
639,NAVINFLUOR,INE048G01026,3330,20
640,SGBJUL29IV,IN0020210111,8151,10
641,JMFINANCIL,INE780C01023,155.95,20
642,CEIGALL,INE0AG901020,376.6,20
643,SIGACHI,INE0D0K01022,51.08,20
644,LIQUIDIETF,INF109KC1KT9,1000,5
645,LALPATHLAB,INE600L01024,3312.7,20
646,JKPAPER,INE789E01012,498.85,20
647,INDIACEM,INE383A01012,362.4,20
648,BLUEDART,INE233B01017,8311.2,20
649,RELIGARE,INE621H01010,270.8,20
650,HITECH,INE106T01025,185.87,20
651,APTECHT,INE266F01018,205.45,20
652,MOM100,INF247L01023,62.64,6.03
653,KOLTEPATIL,INE094I01018,409,20
654,RALLIS,INE613A01020,356,20
655,FINEORG,INE686Y01026,5111.15,20
656,CIPLA,INE059A01026,1558.7,9.21
657,LXCHEM,INE576O01020,282.3,20
658,GREENPLY,INE461C01038,388.75,20
659,TEJASNET,INE010J01012,1125.4,20.16
660,DEEDEV,INE841L01016,254.85,20
661,MANAPPURAM,INE522D01027,177.33,20
662,STLTECH,INE089C01029,121.13,20
663,LIQUIDADD,INF740KA1UM0,1036.05,5
664,TCS,INE467B01029,4109,9
665,EIDPARRY,INE126A01031,806.6,20
666,PNBGILTS,INE859A01011,117.43,20
667,LLOYDSME,INE281B01032,1001.35,20
668,DWARKESH,INE366A01041,69.34,20
669,HUDCO,INE031A01017,217.12,24.23
670,SGBFEB28IX,IN0020190545,8484,10
671,POWERMECH,INE211R01019,3233.35,20
672,ADANIGREEN,INE364U01010,1733.55,20.46
673,IDFCFIRSTB,INE092T01019,71.74,20
674,AWFIS,INE108V01019,749.3,20
675,BAJAJ-AUTO,INE917I01010,10119.45,11.33
676,WELENT,INE625G01013,544.45,20
677,PRICOLLTD,INE726V01018,461.65,20
678,JKLAKSHMI,INE786A01032,806.65,20
679,PRSMJOHNSN,INE010A01011,184.26,20
680,GANDHAR,INE717W01049,242.49,20
681,CIGNITITEC,INE675C01017,1395.1,20
682,GRAVITA,INE024L01027,2498.85,23.9
683,BHEL,INE257A01026,254.2,20
684,USHAMART,INE228A01035,418.95,20
685,BOSCHLTD,INE323A01026,36484.9,20
686,BIKAJI,INE00E101023,906.85,20
687,RATEGAIN,INE0CLI01024,742.9,20
688,MAHSCOOTER,INE288A01013,11088.45,20
689,DABUR,INE016A01026,572.55,20
690,CHENNPETRO,INE178A01016,943.4,21.34
691,EQUITASBNK,INE063P01018,71.24,20
692,KRBL,INE001B01026,294.25,20
693,NIFTYBEES,INF204KB14I2,276.69,6
694,CPSEETF,INF457M01133,96.05,20
695,KEI,INE878B01027,4144.55,20
696,DODLA,INE021O01019,1300.05,20
697,SGBNOV24,IN0020160076,7749.99,10
698,JUBLFOOD,INE797F01020,612.4,20
699,SBILIFE,INE123W01016,1702,9.31
700,SOLARINDS,INE343H01029,11173.95,20
701,PARAGMILK,INE883N01014,217.59,20
702,ZEEL,INE256A01028,125.76,22.93
703,SONATSOFTW,INE269A01021,620.2,20
704,MAHLOG,INE766P01016,497.65,20
705,CCL,INE421D01022,660.25,20
706,OFSS,INE881D01027,11502.45,20
707,JBMA,INE927D01044,1704.9,20
708,HEMIPROP,INE0AJG01018,184.27,20
709,CUMMINSIND,INE298A01020,3692,20
710,SGBDE31III,IN0020230168,8476.78,10
711,REPCOHOME,INE612J01015,496.95,20
712,AWHCL,INE01BK01022,810.9,20.85
713,CAMS,INE596I01012,4851.65,20
714,INDIGOPNTS,INE09VQ01012,1561.5,20
715,SGBOC28VII,IN0020200203,8177.56,10
716,NAZARA,INE418L01021,897.25,20
717,STYRENIX,INE189B01011,2539.65,20
718,ECOSMOBLTY,INE06HJ01020,445.35,20
719,MPHASIS,INE356A01018,3080.2,20
720,JUBLINGREA,INE0BY001018,753.65,20
721,SGBAUG30,IN0020220078,8390,10
722,SSWL,INE802C01033,211.78,20
723,BBTC,INE050A01025,2646.95,20.37
724,BLSE,INE0NLT01010,215.09,20
725,ZOMATO,INE758T01015,270.55,20
726,BAYERCROP,INE462A01022,6688.5,20
727,GMBREW,INE075D01018,824.4,20
728,HFCL,INE548A01028,132.52,22.36
729,CRISIL,INE007A01025,4765.05,20
730,POWERGRID,INE752E01010,331.15,11.61
731,GESHIP,INE017A01032,1317,20
732,APOLLOTYRE,INE438A01022,504.25,20
733,CELLO,INE0LMW01024,876,20
734,ANANDRATHI,INE463V01026,4078.1,20
735,SGBDEC2512,IN0020170141,8120,10
736,EMUDHRA,INE01QM01018,953.55,20
737,SUNTV,INE424H01027,765.1,20
738,SGBFEB32IV,IN0020230184,8571.05,10
739,ITDCEM,INE686A01026,582.05,24.09
740,RHIM,INE743M01012,608.8,20
741,ROUTE,INE450U01017,1558.3,20
742,BAJAJHIND,INE306A01021,37.52,22.8
743,AGI,INE415A01038,960.7,20.14
744,BRIGADE,INE791I01019,1282.6,20
745,GULFOILLUB,INE635Q01029,1295.85,20
746,NH,INE410P01011,1283,20
747,SGBMR29XII,IN0020200427,8094.93,10
748,GILT5YBEES,INF204KC1030,58.18,10
749,GOLDIETF,INF109KC1NT3,66.48,20
750,ASTRAMICRO,INE386C01029,818.25,20
751,KIRLOSBROS,INE732A01036,1791,23.28
752,EKC,INE184H01027,195.91,22.04
753,SHREDIGCEM,INE232A01011,91.98,20
754,NESTLEIND,INE239A01024,2378.7,9
755,UNIONBANK,INE692A01016,111.53,20
756,GROWWEV,INF666M01IH2,33.3,20
757,SANGHVIMOV,INE989A01032,455.4,22.98
758,MOTHERSON,INE775A01035,202.91,20
759,ERIS,INE406M01024,1349.7,20
760,EIHOTEL,INE230A01023,409.6,20
761,TITAGARH,INE615H01020,1170.05,22.12
762,CHOLAHLDNG,INE149A01033,1983.55,20
763,DEVYANI,INE872J01023,176.48,20
764,EPIGRAL,INE071N01016,2203.65,20.85
765,SKFINDIA,INE640A01023,5312.6,20
766,SGBJUN31I,IN0020230069,8385.14,10
767,TATAGOLD,INF277KA1976,7.56,20
768,METROBRAND,INE317I01021,1268.3,20
769,TORNTPOWER,INE813H01021,1939.8,20
770,IRCON,INE962Y01021,223.75,23.15
771,NAVA,INE725A01022,1017.5,20.37
772,POONAWALLA,INE511C01022,376.45,20
773,LEMONTREE,INE970X01018,125.8,20
774,JINDALSTEL,INE749A01030,930,20
775,360ONE,INE466L01038,1108.4,20
776,BLS,INE153T01027,379.15,20
777,INDIAMART,INE933S01016,3038.05,20
778,VGUARD,INE951I01027,438.45,20
779,QUESS,INE615P01015,730.85,20
780,GRINFRA,INE201P01022,1612.5,20
781,MANYAVAR,INE825V01034,1326.25,20
782,INDIASHLTR,INE922K01024,725.75,20
783,DYNAMATECH,INE221B01012,7786.1,20
784,CESC,INE486A01021,192.97,20
785,SJS,INE284S01014,1055.1,20
786,KRSNAA,INE08LI01020,827.05,20
787,VENKEYS,INE398A01010,1844.9,20
788,ADANIPOWER,INE814H01011,609.1,20
789,HEIDELBERG,INE578A01017,236.32,20
790,OLAELEC,INE0LXG01040,87.57,20
791,LUXIND,INE150G01020,2042.1,20
792,GSFC,INE026A01025,212.33,20
793,ALEMBICLTD,INE426A01027,134.11,20
794,COALINDIA,INE522F01014,489.9,12.96
795,SUNTECK,INE805D01034,584.9,20
796,MEDANTA,INE474Q01031,1078,20
797,AEGISLOG,INE208C01025,731.2,20.61
798,GLAXO,INE159A01016,2651.15,20
799,VSTIND,INE710A01016,374.8,20
800,ASAHIINDIA,INE439A01020,712.1,20
801,PFC,INE134E01011,469.45,20
802,SNOWMAN,INE734N01019,76.42,20
803,CRAFTSMAN,INE00LO01017,6104.7,20
804,LIQUIDSBI,INF200KA13Z8,1000,5
805,SGBFEB29XI,IN0020200393,8205,10
806,KCP,INE805C01028,225.25,20
807,SGBJAN27,IN0020180462,8000,10
808,ZYDUSWELL,INE768C01010,1987.1,20
809,SAPPHIRE,INE806T01020,350.25,20
810,LUMAXTECH,INE872H01027,564.6,20
811,ICIL,INE483B01026,385.35,20
812,HEG,INE545A01016,2570.4,21.5
813,SUBROS,INE287B01021,677.5,20
814,SHYAMMETL,INE810G01011,922.75,20
815,CROMPTON,INE299U01018,414.5,20
816,WELCORP,INE191B01025,730.15,20
817,HDFCGOLD,INF179KC1981,66.37,20
818,CAMPUS,INE278Y01022,302.3,20
819,AMIORG,INE00FF01017,1595.5,20
820,FIRSTCRY,INE02RE01045,692.9,20
821,JSL,INE220G01021,760.5,20
822,SGBFEB27,IN0020180561,8001,10
823,ESAFSFB,INE818W01011,46.37,20
824,GREAVESCOT,INE224A01026,188.99,20
825,MOL,INE0CT101020,109.55,20
826,EASEMYTRIP,INE07O001026,32.04,20
827,ELECON,INE205B01031,721.45,20
828,MTARTECH,INE864I01014,1730.8,20
829,KPIL,INE220B01022,1299.25,20
830,AARTIIND,INE769A01020,520.85,20
831,VOLTAMP,INE540H01012,14102.3,20.67
832,IRCTC,INE335Y01020,871.75,20
833,NUVAMA,INE531F01015,7184.9,20
834,RKFORGE,INE399G01023,1030.55,20
835,SGBJAN29X,IN0020200385,8120,10
836,TEAMLEASE,INE985S01024,2990.25,20
837,GNFC,INE113A01013,639.2,20
838,ETHOSLTD,INE04TZ01018,3117.05,20
839,KPITTECH,INE04I401011,1792.2,20
840,DCMSHRIRAM,INE499A01024,1120.9,20
841,LTTS,INE010V01017,5242.5,20
842,GRAPHITE,INE371A01025,583.35,20
843,MAXHEALTH,INE027H01010,937.25,20
844,GODREJAGRO,INE850D01014,782.05,20
845,JKIL,INE576I01022,732.95,20
846,SJVN,INE002L01015,118.9,21.73
847,AIAENG,INE212H01026,4250.7,20
848,UFLEX,INE516A01017,647.85,20
849,ALLCARGO,INE418H01029,60.57,20
850,RITES,INE320J01015,308.65,20.79
851,EPL,INE255A01020,268.85,20
852,IKIO,INE0LOJ01019,284.6,20
853,MARICO,INE196A01026,666.1,20
854,GRANULES,INE101D01020,594.45,20
855,ICICIBANK,INE090A01021,1231.25,9
856,HDFCSML250,INF179KC1FB2,183.59,6
857,ASIANPAINT,INE021A01026,3055.85,9
858,RIIL,INE046A01015,1202.6,20
859,BALMLAWRIE,INE164A01016,255.45,20
860,GICHSGFIN,INE289B01019,217.44,20
861,SURYODAY,INE428Q01011,170.32,20
862,CASTROLIND,INE172A01027,220.83,20
863,HDFCLIQUID,INF179KC1HE2,1000.01,5
864,IRB,INE821I01022,58.09,20.58
865,AIIL,INE206F01022,1849.45,80
866,DAVANGERE,INE179G01029,6.69,80
867,EXICOM,INE777F01014,334.7,80
868,GLOSTERLTD,INE350Z01018,723.7,80
869,JGCHEM,INE0MB501011,409.25,80
870,KRYSTAL,INE0QN801017,727.35,80
871,MAHAPEXLTD,INE843B01013,154.49,100
872,MOREALTY,INF247L01CI4,104.88,80
873,MOSMALL250,INF247L01CH6,18.3,80
874,PVSL,INE772T01024,195.87,80
875,RKSWAMY,INE0NQ801033,252.47,80
876,SIGNPOST,INE0KGZ01021,237.4,80
877,SINCLAIR,INE985A01022,96.01,80
878,SRM,INE0R6Z01013,271.55,100
879,CHEMCON,INE03YM01018,254.1,80
880,MIDCAPIETF,INF109KC11W8,22.33,80
881,MAXIND,INE0CG601016,272,80
882,OAL,INE959C01023,496.45,80
883,HINDWAREAP,INE05AN01011,343.15,80
884,SINTERCOM,INE129Z01016,155.97,80
885,SIRCA,INE792Z01011,329.2,80
886,VALIANTORG,INE565V01010,414.55,80
887,ABSLNN50ET,INF209KB16D7,76.93,80
888,AIROLAM,INE801L01010,133.04,80
889,BBETF0432,INF754K01OB1,1200.03,80
890,NIFTY50ADD,INF740KA1CL0,255.87,80
891,MIDQ50ADD,INF740KA1QL0,261.44,80
892,HPAL,INE0GSL01024,88.41,80
893,3IINFOLTD,INE748C01038,28.72,80
894,ELDEHSG,INE668G01021,864.95,80
895,INDOAMIN,INE760F01028,190.89,80
896,OBCL,INE426Z01016,57.57,80
897,PIXTRANS,INE751B01018,1544.95,80
898,ROTO,INE535D01029,538.6,80
899,SHAILY,INE151G01028,944.2,80
900,TNIDETF,INF277KA1364,96.93,80
901,AKG,INE00Y801016,19,80
902,CAPITALSFB,INE646H01017,296.65,80
903,GOLDCASE,INF0R8F01042,12.22,80
904,GOPAL,INE0L9R01028,467.05,80
905,GPTHEALTH,INE486R01017,175.55,80
906,JSFB,INE953L01027,537.65,80
907,JUNIPER,INE696F01016,388,80
908,MUKKA,INE0CG401037,41.32,80
909,PARKHOTELS,INE988S01028,160.03,80
910,PLATIND,INE0PT501018,433.35,80
911,RPTECH,INE0J1F01024,381.3,80
912,SHRADHA,INE715Y01023,173.95,100
913,AVG,INE680Z01018,520.45,80
914,AVONMORE,INE323B01024,16.44,100
915,DIL,INE411Y01011,5.82,80
916,ITETFADD,INF740KA1SX1,43.51,80
917,GENSOL,INE06H201014,830.95,80
918,GHCLTEXTIL,INE0PA801013,93.12,80
919,HMAAGRO,INE0ECP01024,45.23,80
920,LOWVOL1,INF174KA1IY5,21.15,80
921,SILVRETF,INF769K01KG6,90.08,80
922,PAKKA,INE551D01018,303.1,80
923,SBGLP,INE05ST01028,132.98,80
924,SPCENET,INE970N01027,26.19,80
925,URAVI,INE568Z01015,424.75,100
926,VSTL,INE0QTF01015,275.05,80
927,SCHNEIDER,INE839M01018,826.9,80
928,DVL,INE477B01010,460.3,80
929,IPL,INE0D6701023,198.88,80
930,NURECA,INE0DSF01015,293.1,80
931,OPTIEMUS,INE350C01017,711.5,100
932,RKEC,INE786W01010,136.6,80
933,SOUTHWEST,INE980Y01015,123.11,80
934,UNIVPHOTO,INE03V001013,380.4,80
935,TAJGVK,INE586B01026,300.45,80
936,SUVEN,INE495B01038,132.51,80
937,UTTAMSUGAR,INE786F01031,336.3,80
938,SUTLEJTEX,INE645H01027,64.54,80
939,PNC,INE392B01011,63.33,80
940,HMVL,INE871K01015,91.87,80
941,RUPA,INE895B01021,280.65,80
942,NUCLEUS,INE096B01018,1256.15,80
943,PFOCUS,INE367G01038,156.83,80
944,BBL,INE464A01036,4876.75,80
945,AKZOINDIA,INE133A01011,3992.95,80
946,HSCL,INE019C01026,623.3,80
947,JSWHL,INE824G01012,9540.1,80
948,KSL,INE907A01026,822.25,80
949,KANPRPLA,INE694E01014,128.08,80
950,TARC,INE0EK901012,250.95,80
951,NETWORK18,INE870H01013,81.82,80
952,MTNL,INE153A01019,50.02,80
953,ARCHIDPLY,INE877I01016,127.6,80
954,5PAISA,INE618L01018,570.7,80
955,NIFTYETF,INF769K01EG9,263.91,80
956,FMGOETZE,INE529A01010,422,80
957,AARVI,INE754X01016,155.24,80
958,ADVANIHOTR,INE199C01026,70.41,80
959,JAYSREETEA,INE364A01020,147.83,80
960,HERITGFOOD,INE978A01027,625.3,80
961,IMPAL,INE547E01014,1295.85,80
962,UNIVCABLES,INE279A01012,647.95,80
963,SILINV,INE923A01015,643.1,80
964,GALLANTT,INE297H01019,357.8,100
965,TV18BRDCST,INE886H01027,45.27,100
966,ARTEMISMED,INE025R01021,279.4,80
967,GENESYS,INE727B01026,755.75,80
968,DALMIASUG,INE495A01022,510.5,80
969,ADORWELD,INE045A01017,1353.15,80
970,SMARTLINK,INE178C01020,240.65,100
971,LGBBROSLTD,INE337A01034,1320.35,80
972,AXISTECETF,INF846K01Y96,452.28,80
973,BALAXI,INE618N01022,96.73,80
974,GLS,INE03Q201024,1125.6,80
975,BFSI,INF769K01HI8,24.14,80
976,ROLEXRINGS,INE645S01016,2341.55,80
977,SBIETFCON,INF200KA1X17,123.56,80
978,SGIL,INE00QT01015,404.55,80
979,STYLAMIND,INE239C01020,2662.95,80
980,TATVA,INE0GK401011,978.35,80
981,TOTAL,INE336X01012,84.82,80
982,UGROCAP,INE583D01011,255.05,80
983,ADFFOODS,INE982B01027,308.1,80
984,CENTUM,INE320B01020,1842.05,80
985,GOCLCORP,INE077F01035,416.5,80
986,PLASTIBLEN,INE083C01022,273.35,100
987,MOMOMENTUM,INF247L01BK2,73.77,80
988,MONARCH,INE903D01011,432,80
989,UNIVASTU,INE562X01013,238.58,80
990,INDOBORAX,INE803D01021,210.17,80
991,BFINVEST,INE878K01010,663.8,80
992,INDNIPPON,INE092B01025,727.5,80
993,SUPERHOUSE,INE712B01010,229.69,80
994,TALBROAUTO,INE187D01029,308.65,80
995,AXISCADES,INE555B01013,521.85,80
996,AXITA,INE02EZ01022,15.08,80
997,BSHSL,INE032Z01020,169.77,80
998,DBOL,INE0I3401014,137.27,80
999,SILVERADD,INF740KA1RE3,89.07,80
1000,GRMOVER,INE192H01020,230.65,80
1001,HEXATRADEX,INE750M01017,287.25,100
1002,INFRAIETF,INF109KC16E5,93.57,80
1003,OSWALAGRO,INE142A01012,76.59,100
1004,UTISXN50,INF789F1AUU3,90.43,80
1005,AZAD,INE02IJ01035,1549.95,80
1006,BBNPPGOLD,INF251K01SU9,75.4,80
1007,EGOLD,INF754K01SE6,78.1,80
1008,ESILVER,INF754K01SF3,92.44,80
1009,HAPPYFORGE,INE330T01021,1108.5,80
1010,INNOVACAP,INE0DUT01020,734.1,80
1011,LAXMICOT,INE801V01019,35.61,80
1012,MUFTI,INE220Q01020,187.81,80
1013,NIFTYBETF,INF0QA701722,249.55,80
1014,SUNCLAY,INE0Q3R01026,2267.85,80
1015,SURAJEST,INE843S01025,800.5,80
1016,RPSGVENT,INE425Y01011,1104.5,80
1017,ALICON,INE062D01024,1302.25,80
1018,BANKNIFTY1,INF174K01F59,526.73,80
1019,ORBTEXP,INE231G01010,185.8,80
1020,BANKBETF,INF0QA701714,51.73,80
1021,HDFCPSUBK,INF179KC1HW4,66.16,80
1022,JYOTICNC,INE980O01024,1139.55,80
1023,NGIL,INE236Y01012,39.39,80
1024,NINSYS,INE395U01014,589.95,80
1025,NOVAAGRI,INE02H701025,62.37,100
1026,TATSILV,INF277KA1984,8.97,80
1027,EXCELINDUS,INE369A01029,1566.85,80
1028,HATSUN,INE473B01035,1163.7,80
1029,IFBAGRO,INE076C01018,571,80
1030,LICNETFGSC,INF767K01MV5,26.42,80
1031,MONTECARLO,INE950M01013,840,80
1032,NDL,INE875G01048,5.82,100
1033,PATINTLOG,INE529D01014,23.2,80
1034,SHEMAROO,INE363M01019,177.99,80
1035,BALPHARMA,INE083D01012,132.52,100
1036,IRISDOREME,INE01GN01025,68.49,80
1037,PAR,INE04LG01015,239.43,80
1038,PRUDENT,INE00F201020,2574.15,80
1039,VERANDA,INE0IQ001011,258.05,80
1040,GENUSPAPER,INE949P01018,24.12,80
1041,INDTERRAIN,INE611L01021,53.95,80
1042,INOXWIND,INE066P01011,215.74,80
1043,JAYBARMARU,INE571B01036,97.44,80
1044,KICL,INE029L01018,7110.7,80
1045,ZENTEC,INE251B01027,1897.65,80
1046,SKMEGGPROD,INE411D01015,256.6,80
1047,UFO,INE527H01019,124.62,80
1048,BODALCHEM,INE338D01028,81.56,80
1049,ORIENTBELL,INE607D01018,340.15,80
1050,VINDHYATEL,INE707A01012,2126.95,80
1051,IGPL,INE204A01010,556.2,80
1052,ORICONENT,INE730A01022,37.35,80
1053,EIFFL,INE546V01010,198.03,100
1054,KAMOPAINTS,INE0BTI01037,24.65,100
1055,MNC,INF174KA1JF2,31.64,80
1056,LAMBODHARA,INE112F01022,163.51,80
1057,GULPOLY,INE255D01024,211.76,80
1058,HESTERBIO,INE782E01017,2330,80
1059,AARTISURF,INE09EO01013,780,100
1060,BOROLTD,INE02PY01013,441.4,80
1061,ARROWGREEN,INE570D01018,804.1,80
1062,BUTTERFLY,INE295F01017,889.3,80
1063,COFFEEDAY,INE335K01011,35.42,100
1064,ESTER,INE778B01029,147.66,80
1065,KAYA,INE587G01015,439.55,100
1066,AURUM,INE898S01029,196.86,100
1067,RAMASTEEL,INE230R01035,13.71,80
1068,SHREEPUSHK,INE712K01011,264.31,100
1069,ACL,INE666E01020,87.83,80
1070,EMSLIMITED,INE0OV601013,858.65,80
1071,GANGESSECU,INE335W01016,186.97,80
1072,JLHL,INE682M01012,1349.3,80
1073,KALAMANDIR,INE438K01021,169.18,80
1074,MOHEALTH,INF247L01BB1,44.63,80
1075,MONIFTY500,INF247L01BU1,23.78,80
1076,MVGJL,INE0KNT01012,260.65,80
1077,NIFMID150,INF789F1AYX9,219.25,80
1078,SRGHFL,INE559N01010,338.5,80
1079,THEJO,INE121N01019,2327.65,80
1080,UDS,INE851I01011,373.85,80
1081,VALIANTLAB,INE0JWS01017,117.52,80
1082,YATRA,INE0JR601024,121.6,80
1083,DECCANCE,INE583C01021,611.05,80
1084,LINC,INE802B01019,618.95,80
1085,PROZONER,INE195N01013,25.73,80
1086,SALZERELEC,INE457F01013,1133.95,80
1087,BBTCL,INE01EE01011,220.24,80
1088,DHARMAJ,INE00OQ01016,333.2,80
1089,FAZE3Q,INE963C01033,440.95,80
1090,FOCUS,INE593W01028,126.48,100
1091,FUSION,INE139R01012,216.61,80
1092,HDFCMOMENT,INF179KC1HV6,36.71,80
1093,HDFCNIFIT,INF179KC1IA8,43.84,80
1094,HDFCPVTBAN,INF179KC1HZ7,25.81,80
1095,FINIETF,INF109KC17L8,26.93,80
1096,INOXGREEN,INE510W01014,184.47,80
1097,MALLCOM,INE389C01015,1485.25,100
1098,NIFTYQLITY,INF209KB15K4,23.3,80
1099,ONEPOINT,INE840Y01029,65.15,80
1100,RUSTOMJEE,INE263M01029,715.65,80
1101,SATINDLTD,INE065D01027,144.74,80
1102,SYNCOMF,INE312C01025,20.43,80
1103,ZIMLAB,INE518E01015,109.56,80
1104,LINCOLN,INE405C01035,661.4,80
1105,SANDESH,INE583B01015,1701.65,80
1106,SARLAPOLY,INE453D01025,88.92,100
1107,VIKASECO,INE806A01020,3.47,80
1108,CHEVIOT,INE974B01016,1295.6,80
1109,DYCL,INE600Y01019,560.2,80
1110,NGLFINE,INE887E01022,2100.2,80
1111,STEELCAS,INE124E01020,771.4,80
1112,PRECAM,INE484I01029,307.54,80
1113,AYMSYNTEX,INE193B01039,236.17,100
1114,HITECHCORP,INE120D01012,314.4,80
1115,QUICKHEAL,INE306L01010,761.35,80
1116,AGARIND,INE204E01012,1118.1,80
1117,HCG,INE075I01017,433.7,80
1118,VIDHIING,INE632C01026,468.5,80
1119,DTIL,INE341R01014,270.15,80
1120,PTL,INE034D01049,42.66,80
1121,THYROCARE,INE594H01019,877.95,80
1122,ATL,INE0NN701020,41.6,80
1123,AVROIND,INE652Z01017,148.6,100
1124,BANKETF,INF769K01KR3,516.83,80
1125,DIAMINESQ,INE591D01014,538.55,80
1126,PVTBANKADD,INF740KA1TA7,25.69,80
1127,SENSEXADD,INF740KA1SZ6,82.28,80
1128,PYRAMID,INE0MIS01010,216.45,80
1129,RATNAVEER,INE05CZ01011,194.04,100
1130,RISHABH,INE0N2P01017,364.2,80
1131,SANDUMA,INE149K01016,464.15,80
1132,TREL,INE0O3901029,43.14,80
1133,YASHO,INE616Z01012,1969.15,80
1134,TRIGYN,INE948A01012,126.37,80
1135,CONTROLPR,INE663B01015,795.3,80
1136,HDFCNIFTY,INF179KC1965,273.7,80
1137,MAHASTEEL,INE451L01014,218,100
1138,MENONBE,INE071D01033,124.15,80
1139,MIDSELIETF,INF109KC10W0,18.5,80
1140,POKARNA,INE637C01025,1101.2,80
1141,PREMEXPLN,INE863B01029,504,80
1142,PRIVISCL,INE959A01019,1691.4,80
1143,ARVSMART,INE034S01021,853,80
1144,GUFICBIO,INE742B01025,424.45,80
1145,RBL,INE244J01017,1098.9,100
1146,VINYLINDIA,INE250B01029,374.85,80
1147,DCXINDIA,INE0KL801015,312.6,80
1148,DEVIT,INE060X01026,146.47,80
1149,EMIL,INE02YR01019,210.61,80
1150,HDFCGROWTH,INF179KC1DJ0,126.57,80
1151,SCPL,INE501Y01019,359.55,100
1152,SUKHJITS,INE450E01011,592.4,80
1153,TRACXN,INE0HMF01019,85.34,80
1154,ARMANFIN,INE109C01017,1527.65,80
1155,BHAGERIA,INE354C01027,219.39,100
1156,HINDCOMPOS,INE310C01029,508.55,80
1157,OCCL,INE321D01016,273.35,100
1158,BIGBLOC,INE412U01025,133.79,80
1159,DCAL,INE385W01011,195.26,80
1160,DIAMONDYD,INE393P01035,1162.1,80
1161,MATRIMONY,INE866R01028,844.15,80
1162,NAGAFERT,INE454M01024,11.01,80
1163,NV20IETF,INF109KC11V0,15.76,80
1164,SENSEXIETF,INF346A01034,914.16,80
1165,NV20,INF174K01Z71,160.7,80
1166,BHARATRAS,INE838B01013,11455.45,80
1167,CYBERTECH,INE214A01019,220.93,100
1168,GREENLAM,INE544R01021,527.35,80
1169,HPL,INE495S01016,535.5,80
1170,KDDL,INE291D01011,2977.9,80
1171,MUTHOOTCAP,INE296G01013,381.4,80
1172,NIF100IETF,INF109KC16V9,28.49,80
1173,NIF100BEES,INF204K014N5,270.98,80
1174,SIMBHALS,INE748T01016,24.49,100
1175,SUNDRMBRAK,INE073D01013,900.5,100
1176,TPLPLASTEH,INE413G01022,104.05,100
1177,VISHNU,INE270I01022,441,80
1178,UTISENSETF,INF789FB1X58,880.72,80
1179,UTINIFTETF,INF789F1AZC0,269.14,80
1180,TECHNOE,INE285K01026,1766,80
1181,ITDC,INE353K01014,658.2,80
1182,PANAMAPET,INE305C01029,390,80
1183,AROGRANITE,INE210C01013,55.68,80
1184,GNA,INE934S01014,427,80
1185,KINGFA,INE473D01015,3203.4,80
1186,AKSHARCHEM,INE542B01011,308.65,80
1187,ARIHANTSUP,INE643K01018,380.9,80
1188,NRAIL,INE740D01017,352.8,80
1189,SHANKARA,INE274V01019,499.8,80
1190,VETO,INE918N01018,141.13,100
1191,INTENTECH,INE781A01025,153.9,100
1192,TASTYBITE,INE488B01017,12876.55,80
1193,MINDTECK,INE110B01017,277,100
1194,NAHARPOLY,INE308A01027,243.56,100
1195,RADIOCITY,INE919I01024,15.37,80
1196,SRHHYPOLTD,INE917H01012,825.05,80
1197,BHARATWIRE,INE316L01019,250.8,80
1198,CAPTRUST,INE707C01018,125.22,100
1199,CLEDUCATE,INE201M01029,120.34,100
1200,KMSUGAR,INE157H01023,36.89,80
1201,DIVOPPBEES,INF204KA1MS3,85.83,80
1202,SCHAND,INE807K01035,214.17,80
1203,WENDT,INE274C01019,15381.1,80
1204,DPSCLTD,INE360C01024,18.56,80
1205,LICNETFN50,INF767K01OS7,272.24,80
1206,MOLDTECH,INE835B01035,223.93,80
1207,PODDARMENT,INE371C01013,424.25,80
1208,SUMMITSEC,INE519C01017,2785.45,80
1209,TTKHLTCARE,INE910C01018,1661,80
1210,UGARSUGAR,INE071E01023,81.81,80
1211,VSSL,INE050M01012,283.75,80
1212,AXISNIFTY,INF846K01W98,268.73,80
1213,DYNPRO,INE256H01015,429.3,100
1214,JINDWORLD,INE247D01039,311.55,80
1215,SIS,INE285J01028,391.05,80
1216,STEELXIND,INE503B01021,12.55,80
1217,UTINEXT50,INF789F1AUW9,78.76,80
1218,COCHINSHIP,INE704P01025,1559.95,100
1219,STEL,INE577L01016,550,100
1220,INDBANK,INE841B01017,45.67,80
1221,MARATHON,INE182D01020,606.55,80
1222,NACLIND,INE295D01020,53.93,80
1223,PDSL,INE111Q01021,514.1,80
1224,SALASAR,INE170V01027,18.74,80
1225,SETFNN50,INF200KA1598,782.89,80
1226,DOLLAR,INE325C01035,537.05,80
1227,GTPL,INE869I01013,158.1,80
1228,MAZDA,INE885E01034,1316.65,80
1229,SETFNIFBK,INF200KA1580,522.13,80
1230,DELPHIFX,INE726L01019,285.14,100
1231,APCL,INE071F01012,176.59,80
1232,TCPLPACK,INE822C01015,3402.85,80
1233,SREEL,INE099F01013,268.9,80
1234,MAWANASUG,INE636A01039,111.42,80
1235,RANEENGINE,INE222J01013,474.2,100
1236,BANKIETF,INF109KC15I8,52.2,80
1237,AHL,INE00ZE01026,364.3,80
1238,SWSOLAR,INE00M201021,621.55,80
1239,BANKETFADD,INF740KA1RX3,52.02,80
1240,EBBETF0433,INF754K01QX0,1170.93,80
1241,ELIN,INE050401020,224.33,80
1242,HARDWYN,INE626Z01029,39.07,80
1243,COMMOIETF,INF109KC19O8,92.71,80
1244,SILVER1,INF174KA1KU9,89.78,80
1245,LANDMARK,INE559R01029,646.85,80
1246,NRL,INE0JM501013,132.33,80
1247,PEARLPOLY,INE844A01013,36.07,80
1248,RADIANTCMS,INE855R01021,80.07,80
1249,SAH,INE035801013,95.89,80
1250,TAINWALCHM,INE123C01018,237.82,80
1251,WEIZMANIND,INE080A01014,137.39,80
1252,ALBERTDAVD,INE155C01010,1355.65,100
1253,ASHIMASYN,INE440A01010,33.22,100
1254,GANDHITUBE,INE524B01027,765.95,80
1255,NATHBIOGEN,INE448G01010,205.79,80
1256,CONSUMBEES,INF204KA1LD7,133.38,80
1257,SPAL,INE212I01016,891.35,80
1258,TCIEXP,INE586V01016,1025.55,80
1259,TOKYOPLAST,INE932C01012,113.16,80
1260,UMANGDAIRY,INE864B01027,90.18,100
1261,PILANIINVS,INE417C01014,5743.15,80
1262,AGRITECH,INE449G01018,222.41,80
1263,APOLLO,INE713T01028,99.06,80
1264,BDL,INE171Z01026,1152.4,80
1265,CENTRUM,INE660C01027,35.65,80
1266,RESPONIND,INE688D01026,281.95,80
1267,ASPINWALL,INE991I01015,282.2,80
1268,BSL,INE594B01012,227.11,80
1269,CREST,INE559D01011,494.35,80
1270,DAMODARIND,INE497D01022,44.92,80
1271,KOTHARIPET,INE720A01015,230.94,80
1272,PDMJEPAPER,INE865T01018,117.22,80
1273,ROSSELLIND,INE847C01020,98.85,100
1274,SHALBY,INE597J01018,259.7,80
1275,AVADHSUGAR,INE349W01017,693.9,80
1276,APOLLOPIPE,INE126J01016,549.25,80
1277,BSLNIFTY,INF209KB19D1,28.43,80
1278,VISHWARAJ,INE430N01022,17.46,80
1279,IDFNIFTYET,INF194KA1U07,269.51,80
1280,IFGLEXPOR,INE133Y01011,613.65,80
1281,WINDMACHIN,INE052A01021,206.6,80
1282,BHAGYANGR,INE458B01036,108.09,80
1283,EIHAHOTELS,INE276C01014,386.9,80
1284,KIOCL,INE880L01014,361.5,80
1285,MAANALU,INE215I01027,236.56,80
1286,APEX,INE346W01013,253.35,80
1287,BSE500IETF,INF109KC1V59,39.38,80
1288,INDOSTAR,INE896L01010,266.15,80
1289,BIOFILCHEM,INE829A01014,72.56,80
1290,FAIRCHEMOR,INE0DNW01011,1220.05,80
1291,JASH,INE039O01011,2593.45,80
1292,SBIETFPB,INF200KA1S22,258.66,80
1293,UNIDT,INE961D01019,243.5,80
1294,GSEC5IETF,INF109KC14A8,58.42,80
1295,KHAICHEM,INE745B01028,76.35,80
1296,ESG,INF769K01GS9,42.04,80
1297,SBIETFIT,INF200KA1S14,455.45,80
1298,KAKATCEM,INE437B01014,212.67,80
1299,ACCELYA,INE793A01012,1707.8,80
1300,KOTARISUG,INE419A01022,52.62,80
1301,LIBERTSHOE,INE557B01019,569.45,100
1302,LUMAXIND,INE162B01018,2589.35,80
1303,MADRASFERT,INE414A01015,99.3,80
1304,MUKANDLTD,INE304A01026,153.99,80
1305,MUNJALSHOW,INE577A01027,164.53,80
1306,NAVNETEDUL,INE060A01024,139.44,80
1307,NDTV,INE155G01029,174.17,80
1308,ALLDIGI,INE835G01018,1088,80
1309,GEPIL,INE878A01011,391.65,80
1310,ASHAPURMIN,INE348A01023,304.45,80
1311,AUTOAXLES,INE449A01011,1851.75,80
1312,SANOFI,INE058A01010,6877.05,80
1313,CENTENKA,INE485A01015,625.25,80
1314,CONSOFINVT,INE025A01027,200.76,80
1315,COSMOFIRST,INE757A01017,745,80
1316,ESABINDIA,INE284A01012,6401.6,80
1317,EVERESTIND,INE295A01018,1024.1,80
1318,MOGSEC,INF247L01AK4,57.48,80
1319,AVTNPL,INE488D01021,84.1,80
1320,NBCC,INE095N01031,110.3,80
1321,TBZ,INE760L01018,296.85,80
1322,EDELWEISS,INE532F01054,121.58,80
1323,VISAKAIND,INE392A01021,105.44,80
1324,BASML,INE186H01022,54.99,100
1325,MPSLTD,INE943D01017,2198,80
1326,SOMANYCERA,INE355A01028,703.55,80
1327,HARRMALAYA,INE544A01019,295.8,100
1328,VADILALIND,INE694D01016,3958.75,80
1329,CARERATING,INE752H01013,1259.05,80
1330,MAYURUNIQ,INE040D01038,600.6,80
1331,PCJEWELLER,INE785M01013,186.02,100
1332,TRU,INE615R01029,26.48,100
1333,HARIOMPIPE,INE00EV01017,633.3,80
1334,SHYAMCENT,INE979R01011,18.64,80
1335,SPLPETRO,INE663A01033,774.05,80
1336,CREATIVE,INE985W01018,854.1,80
1337,ABSLBANETF,INF209KB17D5,52.09,80
1338,BTML,INE0EEJ01023,12.66,80
1339,DIVGIITTS,INE753U01022,608.3,80
1340,GSLSU,INE0JSX01015,197.41,80
1341,HDFCMID150,INF179KC1HT0,21.89,80
1342,GOLDETF,INF769K01JP9,75.55,80
1343,MOMENTUM,INF209KB14K7,36.92,80
1344,POCL,INE063E01053,1116.75,80
1345,AXSENSEX,INF846K010Q0,82.53,80
1346,JETFREIGHT,INE982V01025,15.92,100
1347,KIRLPNU,INE811A01020,1493.1,80
1348,MEDICO,INE630Y01024,47.41,100
1349,MOVALUE,INF247L01BE5,106.04,80
1350,PSUBNKIETF,INF109KC10S8,66.49,80
1351,SAHYADRI,INE280H01015,339.2,80
1352,ASHIANA,INE365D01021,307.7,80
1353,KITEX,INE602G01020,508.75,80
1354,TVSHLTD,INE105A01035,13267,80
1355,TVSSRICHAK,INE421C01016,3981.85,80
1356,ZUARI,INE840M01016,204.18,80
1357,APCOTEXIND,INE116A01032,420.35,80
1358,VMART,INE665J01013,4440.1,80
1359,ASAHISONG,INE228I01012,455.2,100
1360,ATULAUTO,INE951D01028,641.4,80
1361,FOSECOIND,INE519A01011,4762.1,80
1362,SOLARA,INE624Z01016,803.85,80
1363,NETF,INF277K015R5,264.32,80
1364,CLSEL,INE419D01026,338.7,80
1365,GOKULAGRO,INE314T01025,265.85,80
1366,KUANTUM,INE529I01021,137.2,80
1367,MAFANG,INF769K01HF4,96.16,80
1368,SDL26BEES,INF204KC1022,125.17,80
1369,UNITEDTEA,INE458F01011,448.3,80
1370,VIKASLIFE,INE161L01027,4.73,80
1371,SHALPAINTS,INE849C01026,128.87,80
1372,TIIL,INE545H01011,3077.9,80
1373,DEEPINDS,INE0FHS01024,475.5,80
1374,EXXARO,INE0GFE01018,95.86,80
1375,GRPLTD,INE137I01015,3432.45,100
1376,JMA,INE412C01023,104.63,80
1377,WINDLAS,INE0H5O01029,999.1,80
1378,YUKEN,INE384C01016,1199.65,80
1379,SANGHIIND,INE999B01013,81.35,80
1380,JAGSNPHARM,INE048B01027,473.45,80
1381,SUNFLAG,INE947A01014,214.88,80
1382,SPARC,INE232I01014,210.02,80
1383,RGL,INE722H01024,176.88,80
1384,RML,INE050H01012,1071.35,80
1385,SAKHTISUG,INE623A01011,37.67,80
1386,RAMCOSYS,INE246B01019,405.85,80
1387,IVZINGOLD,INF205K01361,6762.1,80
1388,PPAP,INE095I01015,200.7,80
1389,PRIMESECU,INE032B01021,327.4,80
1390,PANACEABIO,INE922B01023,351.75,100
1391,OMAXE,INE800H01010,125.17,80
1392,LOKESHMACH,INE397H01017,387.1,80
1393,AMBIKCO,INE540G01014,1605.45,80
1394,SUNDARMHLD,INE202Z01029,354.4,80
1395,AGSTRA,INE583L01014,93.28,80
1396,FIBERWEB,INE296C01020,43.39,100
1397,GRWRHITECH,INE291A01017,4034.2,80
1398,AUTOIETF,INF109KC10V2,25.7,80
1399,JPOLYINVST,INE147P01019,774.5,80
1400,MIDCAP,INF174KA1IB3,168.84,80
1401,MAKEINDIA,INF769K01IB1,151.21,80
1402,BAIDFIN,INE020D01022,15.62,100
1403,MGEL,INE0APB01024,26.6,100
1404,AXISCETF,INF846K016C7,123.49,80
1405,CSLFINANCE,INE718F01018,396.5,80
1406,HDFCNEXT50,INF179KC1HS2,74.99,80
1407,HDFCNIF100,INF179KC1HR4,26.35,80
1408,MODISONLTD,INE737D01021,172.48,100
1409,RADHIKAJWE,INE583V01021,129.29,100
1410,RAMAPHO,INE809A01024,212.54,80
1411,RAMRAT,INE207E01023,678.5,80
1412,SPORTKING,INE885H01029,115.61,80
1413,SBIETFQLTY,INF200KA1WX6,240.85,80
1414,NEOGEN,INE136S01016,2090.55,80
1415,DHANUKA,INE435G01025,1524.6,80
1416,PENIND,INE932A01024,185.87,80
1417,RUSHIL,INE573K01025,32.94,80
1418,MOM50,INF247L01536,254.88,80
1419,JOCIL,INE839G01010,199.78,80
1420,VIPCLOTHNG,INE450G01024,42.23,100
1421,ZODIACLOTH,INE206B01013,119.96,80
1422,ASAL,INE900C01027,697.25,80
1423,BHARATGEAR,INE561C01019,104.91,80
1424,CANTABIL,INE068L01024,251.95,80
1425,CAREERP,INE521J01018,516.75,100
1426,SASTASUNDR,INE019J01013,305.2,80
1427,RAMKY,INE874I01013,669.4,80
1428,CGCL,INE180C01042,194.83,80
1429,AXISGOLD,INF846K01W80,64.79,80
1430,SMLISUZU,INE294B01019,1786.7,80
1431,TTL,INE592B01016,115,80
1432,MARALOVER,INE882A01013,75.69,80
1433,LOVABLE,INE597L01014,133.67,100
1434,ORISSAMINE,INE725E01024,8862.2,80
1435,PFS,INE560K01014,45.81,80
1436,BIRLACABLE,INE800A01015,233.9,80
1437,BSLGOLDETF,INF209KB18D3,68.3,80
1438,ASTEC,INE563J01010,1094.1,80
1439,NIPPOBATRY,INE567A01028,561.45,80
1440,ORIENTCER,INE569C01020,49.47,80
1441,DBCORP,INE950I01011,333.8,80
1442,GANESHHOUC,INE460C01014,1022,80
1443,GOACARBON,INE426D01013,783.25,80
1444,HERCULES,INE688E01024,242.35,100
1445,MMTC,INE123F01029,81.71,80
1446,DBREALTY,INE879I01012,178.42,80
1447,MUNJALAU,INE672B01032,137.37,80
1448,GEECEE,INE916G01016,401.4,80
1449,AMRUTANJAN,INE098F01031,770.05,80
1450,EMMBI,INE753K01015,127.71,80
1451,TEXMOPIPES,INE141K01013,75.53,80
1452,THANGAMAYL,INE085J01014,2462.5,80
1453,IFBIND,INE559A01017,2281.05,80
1454,ISFT,INE566K01011,144.14,100
1455,KECL,INE134B01017,186.25,80
1456,SHARIABEES,INF732E01128,583.83,80
1457,HNGSNGBEES,INF204KB19I1,319.65,80
1458,ALPHAGEO,INE137C01018,429.65,100
1459,DCM,INE498A01018,93.02,100
1460,NAHARCAP,INE049I01012,301.45,80
1461,RUCHIRA,INE803H01014,128.93,80
1462,VENUSREM,INE411B01019,345.95,80
1463,ZEEMEDIA,INE966H01019,21.76,100
1464,AUTOIND,INE718H01014,116.64,80
1465,KAMATHOTEL,INE967C01018,196.1,80
1466,NECLIFE,INE023H01027,37.47,100
1467,PONNIERODE,INE838E01017,465.3,80
1468,PRECWIRE,INE372C01037,206.04,80
1469,SPLIL,INE978G01016,57.45,80
1470,DICIND,INE303A01010,778.8,100
1471,GOLDIAM,INE025B01025,376.4,80
1472,HLVLTD,INE102A01024,19.3,80
1473,HTMEDIA,INE501G01024,26.33,80
1474,SASKEN,INE231F01020,1698.8,80
1475,AKSHOPTFBR,INE523B01011,10.26,80
1476,HITECHGEAR,INE127B01011,815.7,100
1477,SUZLON,INE040H01021,73.01,80
1478,AURIONPRO,INE132H01018,1716.7,80
1479,KANORICHEM,INE138C01024,138.16,80
1480,MRO-TEK,INE398B01018,90.64,80
1481,HIL,INE557A01011,2727.85,80
1482,KABRAEXTRU,INE900B01029,456.2,80
1483,ATFL,INE209A01019,946.6,80
1484,KERNEX,INE202H01019,769.8,80
1485,NAHARINDUS,INE289A01011,145.45,80
1486,STERTOOLS,INE334A01023,554.85,80
1487,NITINSPIN,INE229H01012,409.85,80
1488,ENIL,INE265F01028,204.89,80
1489,JAGRAN,INE199G01027,89.57,80
1490,SAKUMA,INE190H01024,4.38,100
1491,VHL,INE701A01023,4071.35,80
1492,BLKASHYAP,INE350H01032,86.96,80
1493,SCI,INE109A01011,239.6,80
1494,SEAMECLTD,INE497B01018,1378.5,80
1495,SHANTIGEAR,INE631A01022,609.9,80
1496,SHOPERSTOP,INE498B01024,747.85,80
1497,STARPAPER,INE733A01018,215.29,80
1498,STCINDIA,INE655A01013,159.59,80
1499,TEXINFRA,INE435C01024,114.48,80
1500,THOMASCOOK,INE332A01027,201.26,80
1501,TNPETRO,INE148A01019,86.4,80
1502,TNPL,INE107A01015,200.78,80
1503,TVTODAY,INE038F01029,223.04,80
1504,UCAL,INE139B01016,181.86,80
1505,UNICHEMLAB,INE351A01035,732.1,80
1506,XPROINDIA,INE445C01015,1148.65,80
1507,ZUARIIND,INE217A01012,343.95,80
1508,NIITLTD,INE161A01038,167.26,80
1509,BANARISUG,INE459A01010,3716.85,80
1510,OSWALGREEN,INE143A01010,51.37,80
1511,SIL,INE173A01025,26.88,100
1512,SURYALAXMI,INE713B01026,88.13,80
1513,JINDALPOLY,INE197D01010,795.6,80
1514,HDFCNIFBAN,INF179KC1HY0,52.37,80
1515,ALPL30IETF,INF109KC17V7,30.4,80
1516,GULFPETRO,INE586G01017,78.59,80
1517,SAKSOFT,INE667G01023,238,80
1518,HIMATSEIDE,INE049A01027,164.92,80
1519,IFCI,INE039A01010,60.29,80
1520,IGARASHI,INE188B01013,714.7,80
1521,INDIANCARD,INE061A01014,277.5,80
1522,INDIANHUME,INE323C01030,461.8,80
1523,INDOCO,INE873D01024,341.65,80
1524,INDORAMA,INE156A01020,45.34,80
1525,SETF10GILT,INF200KA1JT1,239.98,80
1526,ALPHAETF,INF769K01KU7,28.19,80
1527,AMNPLST,INE275D01022,316.4,80
1528,KAMDHENU,INE390H01012,522.2,80
1529,INSECTICID,INE070I01018,814.55,80
1530,EXPLEOSOL,INE201K01015,1283.25,80
1531,JPPOWER,INE351F01018,19.9,80
1532,JAYNECOIND,INE854B01010,47.27,80
1533,NIFTY1,INF174K014P6,269.25,80
1534,WHEELS,INE715A01015,775.15,80
1535,BANSWRAS,INE629D01020,140,80
1536,RUBYMILLS,INE301D01026,264.1,80
1537,GARFIBRES,INE276A01018,4190.85,80
1538,INFRABEES,INF732E01268,946.17,80
1539,ATAM,INE09KD01013,147.45,80
1540,BLUEJET,INE0KBH01020,512.85,80
1541,DJML,INE0B1K01014,120.46,100
1542,PSUBANKADD,INF740KA1SY9,66.04,80
1543,LYKALABS,INE933A01014,148.68,80
1544,RAYMOND,INE301A01014,1702.9,80
1545,SANGAMIND,INE495C01010,423.4,80
1546,JTEKTINDIA,INE643A01035,172.37,80
1547,VARDHACRLC,INE116G01013,57.7,80
1548,ITETF,INF769K01KV5,43.48,80
1549,JAYAGROGN,INE785A01026,290.5,80
1550,MANINDS,INE993A01026,319.3,80
1551,RANASUG,INE625B01014,20.98,80
1552,INDSWFTLAB,INE915B01019,126.88,100
1553,REPRO,INE461B01014,589,80
1554,ORIENTHOT,INE750A01020,169.3,80
1555,KKCL,INE401H01017,646.05,80
1556,PLAZACABLE,INE0INJ01017,85.24,80
1557,SENSEXETF,INF769K01KT9,82.01,80
1558,DONEAR,INE668D01028,129,100
1559,RAMANEWS,INE278B01020,18.94,80
1560,SMSPHARMA,INE812G01025,333.05,80
1561,HONDAPOWER,INE634A01018,3908.65,80
1562,ASIANTILES,INE022I01019,74.08,80
1563,SWELECTES,INE409B01013,1133.1,80
1564,ANMOL,INE02AR01019,32.02,80
1565,AXISBPSETF,INF846K01Z04,12.1,80
1566,AXISHCETF,INF846K01Z12,148.76,80
1567,DHUNINV,INE320L01011,2372.4,80
1568,DPWIRES,INE864X01013,421.45,80
1569,APOLSINHOT,INE451F01024,1804.8,80
1570,BARBEQUE,INE382M01027,642.25,80
1571,CHEMFAB,INE783X01023,1147.85,80
1572,HISARMETAL,INE598C01011,190.91,80
1573,INFOBEAN,INE344S01016,408.4,80
1574,SMCGLOBAL,INE103C01036,160.78,80
1575,DSSL,INE417B01040,1333.05,80
1576,SHREYAS,INE757B01015,373.3,80
1577,ICEMAKE,INE520Y01019,840.7,80
1578,HEALTHIETF,INF109KC1Q72,149.33,80
1579,MMP,INE511Y01018,369.6,100
1580,SWANENERGY,INE665A01038,538.5,80
1581,VSTTILLERS,INE764D01017,4592.2,80
1582,REPL,INE364Z01019,204.85,80
1583,SBCL,INE386D01027,685.5,80
1584,JPASSOCIAT,INE455F01025,8.12,100
1585,RAJSREESUG,INE562B01019,69.27,80
1586,TATAINVEST,INE672A01018,6855.15,80
1587,IVC,INE050B01023,11.44,100
1588,JINDALPHOT,INE796G01012,769.15,80
1589,SIGIND,INE529F01035,70.49,80
1590,STEELCITY,INE395H01011,97.39,80
1591,WORTH,INE196Y01018,134.53,80
1592,HUHTAMAKI,INE275B01026,392.95,80
1593,DATAMATICS,INE365B01017,598.45,80
1594,LICMFGOLD,INF397L01554,6981.7,80
1595,ASALCBR,INE073G01016,940.55,80
1596,MAGADSUGAR,INE347W01011,826.15,80
1597,MAHEPC,INE215D01010,122.79,80
1598,NEXT50,INF769K01FN2,752.39,80
1599,PPL,INE050001010,578.5,80
1600,EMAMIPAP,INE830C01026,112.59,80
1601,HERANBA,INE694N01015,479.5,80
1602,HLEGLAS,INE461D01028,383.45,80
1603,IT,INF174KA1GC5,45.36,80
1604,NSIL,INE023A01030,6251.5,80
1605,SAKAR,INE732S01012,308.45,80
1606,GRSE,INE382Z01011,1744.7,80
1607,MANGALAM,INE584F01014,120.3,80
1608,SESHAPAPER,INE630A01024,322.35,80
1609,WOCKPHARMA,INE049B01025,1054.65,80
1610,RPGLIFE,INE105J01010,2797.55,80
1611,DLINKINDIA,INE250K01012,546.8,80
1612,AHLEAST,INE926K01017,183.72,80
1613,INDRAMEDCO,INE681B01017,432.85,80
1614,GENUSPOWER,INE955D01029,420.65,80
1615,DREDGECORP,INE506A01018,1076.95,80
1616,KOKUYOCMLN,INE760A01029,174.21,80
1617,BPL,INE110A01019,120.12,80
1618,BALAJITELE,INE794B01026,61,100
1619,ZFCVINDIA,INE342J01019,14478.9,80
1620,WSI,INE100D01014,140.42,80
1621,UNIENTER,INE037A01022,170.63,80
1622,VIMTALABS,INE579C01029,552.15,80
1623,TVSELECT,INE236G01019,403.05,100
1624,TCI,INE688A01022,1073.15,80
1625,AHLADA,INE00PV01013,103.11,80
1626,AMJLAND,INE606A01024,52.27,100
1627,BAJAJHCARE,INE411U01027,376.45,80
1628,BANARBEADS,INE655B01011,132.34,80
1629,BHAGCHEM,INE414D01027,366.1,80
1630,EQUAL50ADD,INF740KA1QK2,326.91,80
1631,FINOPB,INE02NC01014,435.25,80
1632,HEALTHY,INF209KB10C2,14.99,80
1633,CONSUMIETF,INF109KC1V42,123.84,80
1634,KRITI,INE479D01038,214.63,80
1635,MANORG,INE370D01013,535.2,100
1636,MBAPL,INE900L01010,229.95,80
1637,PARAS,INE045601015,1056.1,80
1638,PAYTM,INE982J01020,696.15,80
1639,SBC,INE04AK01028,29.04,80
1640,TECH,INF209KB11D8,44.53,80
1641,VAISHALI,INE972X01022,20.08,100
1642,ASIANENE,INE276G01015,360.3,80
1643,DANGEE,INE688Y01022,8.12,80
1644,DCMSRIND,INE843D01027,194.02,80
1645,DMCC,INE505A01010,265.45,80
1646,FOODSIN,INE976E01023,128.29,80
1647,GOCOLORS,INE0BJS01011,1239.9,80
1648,LATENTVIEW,INE0I7C01011,484.7,80
1649,MAHKTECH,INF769K01HS7,18.64,80
1650,MONQ50,INF247L01AU3,62.92,80
1651,SALONA,INE498E01010,285.3,80
1652,SHIVALIK,INE788J01021,571.6,80
1653,SMLT,INE017W01010,194.45,80
1654,TARSONS,INE144Z01023,411.25,80
1655,BIRLAMONEY,INE865C01022,173.97,100
1656,DOLATALGO,INE966A01022,140.87,80
1657,EROSMEDIA,INE416L01017,19.75,80
1658,GFLLIMITED,INE538A01037,93.04,80
1659,NDLVENTURE,INE353A01023,110.68,80
1660,HNDFDS,INE254N01026,632.35,80
1661,KHADIM,INE834I01025,413.15,80
1662,MAHESHWARI,INE263W01010,61.36,80
1663,NPBET,INF277K010X4,261.28,80
1664,PAISALO,INE420C01059,51.58,80
1665,QNIFTY,INF082J01028,2673.15,80
1666,REFEX,INE056I01025,485.65,100
1667,ROHLTD,INE283H01019,336.9,80
1668,ZOTA,INE358U01012,619.05,80
1669,ITIETF,INF109KC16I6,45.65,80
1670,RAJRATAN,INE451D01029,552.7,80
1671,SMSLIFE,INE320X01016,1536.6,100
1672,AXISBNKETF,INF846K01X63,523.29,80
1673,CHEMBOND,INE995D01025,600.2,80
1674,LIKHITHA,INE060901027,372.65,80
1675,SATIA,INE170E01023,111.18,80
1676,THEMISMED,INE083B01024,268.7,80
1677,UTIBANKETF,INF789F1AUV1,52.56,80
1678,VERTOZ,INE188Y01023,20.59,80
1679,TEMBO,INE869Y01010,499.55,100
1680,ARIHANTCAP,INE420B01036,117.51,80
1681,DPABHUSHAN,INE266Y01019,1827.3,80
1682,RAMCOIND,INE614A01028,240.9,80
1683,RANEHOLDIN,INE384A01010,1958.9,80
1684,BBOX,INE676A01027,478.6,80
1685,KIRLOSIND,INE250A01039,5199.5,80
1686,KOTHARIPRO,INE823A01017,156.25,100
1687,SIYSIL,INE076B01028,529.65,80
1688,BLISSGVS,INE416D01022,130.46,80
1689,MMFL,INE227C01017,545.1,80
1690,SAGCEM,INE229C01021,226.06,80
1691,PSUBANK,INF373I01023,658.99,80
1692,ARIES,INE298I01015,260.8,80
1693,CORDSCABLE,INE792I01017,213.82,80
1694,MANAKSIA,INE015D01022,98.95,80
1695,GSS,INE871H01011,74.15,80
1696,ONMOBILE,INE809I01019,84.25,80
1697,SEPC,INE964H01014,28.29,80
1698,QGOLDHALF,INF082J01408,64.2,80
1699,KIRIINDUS,INE415I01015,385.75,80
1700,LOTUSEYE,INE947I01017,71.49,100
1701,PUNJABCHEM,INE277B01014,1184.9,80
1702,20MICRONS,INE144J01027,291.9,100
1703,ALKALI,INE773I01017,121.94,80
1704,HGS,INE170I01016,778.95,80
1705,AJMERA,INE298G01027,804.85,80
1706,NILKAMAL,INE310A01015,1905.95,80
1707,DISHTV,INE836F01026,13.59,80
1708,ICRA,INE725G01011,7227.75,80
1709,NAHARSPING,INE290A01027,273.3,80
1710,HILTON,INE788H01017,83.9,80
1711,NELCAST,INE189I01024,123.59,80
1712,DENORA,INE244A01016,1462.1,80
1713,ADSL,INE102I01027,290.95,80
1714,ALPA,INE385I01010,118.51,100
1715,DHANBANK,INE680A01011,37.03,80
1716,GUJAPOLLO,INE826C01016,323.1,100
1717,PURVA,INE323I01011,407.2,80
1718,SELAN,INE818A01017,853.45,80
1719,TAKE,INE142I01023,18.72,80
1720,NCLIND,INE732C01016,212.53,80
1721,MANGCHEFER,INE558B01017,133.59,80
1722,VLSFINANCE,INE709A01018,414.45,80
1723,JCHAC,INE782A01015,2528.9,80
1724,RSYSTEMS,INE411H01032,520.7,80
1725,HEUBACHIND,INE492A01029,546.75,80
1726,MIRZAINT,INE771A01026,43.04,80
1727,HCC,INE549A01026,42.24,80
1728,XCHANGING,INE692G01013,116.89,80
1729,KOHINOOR,INE080B01012,42.9,80
1730,RSWM,INE611A01016,201.05,80
1731,ACLGATI,INE152B01027,107.07,80
1732,MANALIPETC,INE201A01024,73.13,80
1733,ONWARDTEC,INE229A01017,418.35,80
1734,NELCO,INE045B01015,965.2,80
1735,PENINLAND,INE138A01028,52.85,80
1736,VASCONEQ,INE893I01013,59.19,80
1737,SPECIALITY,INE247M01014,162.47,80
1738,BSLSENETFG,INF209KB10E8,80.16,80
1739,COASTCORP,INE377E01016,269.48,80
1740,DCMNVL,INE08KP01019,223.43,80
1741,GANESHBE,INE388A01029,145.75,80
1742,INTLCONV,INE575C01027,94.34,80
1743,KRISHANA,INE506W01012,224.52,80
1744,MASPTOP50,INF769K01HP3,44.78,80
1745,MEDICAMEQ,INE646B01010,513.25,80
1746,PALREDTEC,INE218G01033,113.27,100
1747,PASUPTAC,INE818B01023,49.15,100
1748,LIBAS,INE908V01012,17.54,80
1749,JINDRILL,INE742C01031,603.35,80
1750,JISLDVREQS,IN9175A01010,32.4,80
1751,GOLDSHARE,INF789F1AUX7,65.1,80
1752,FACT,INE188A01015,913.2,80
1753,ANDHRSUGAR,INE715B01021,106.55,80
1754,FLAIR,INE00Y201027,293.9,80
1755,HDFCBSE500,INF179KC1EZ4,37.46,80
1756,MAXESTATES,INE03EI01018,596.6,80
1757,ABSLPSE,INF209KB19Z4,10.77,80
1758,MIDSMALL,INF769K01LJ8,54.27,80
1759,WEALTH,INE658T01017,1670.05,100
1760,GSEC10IETF,INF109KC18O0,239.77,80
1761,MOLOWVOL,INF247L01BL0,38.46,80
1762,AARON,INE721Z01010,273.2,80
1763,LOWVOL,INF769K01JU9,207.09,80
1764,MEGASTAR,INE00EM01016,246.05,80
1765,PRITI,INE974Z01015,137.81,80
1766,PTCIL,INE596F01018,13280.15,80
1767,SIGMA,INE0A0S01010,376.8,80
1768,SILVERETF,INF789F1AYK6,89.79,80
1769,SILVERTUC,INE625X01018,720.25,80
1770,DELTAMAGNT,INE393A01011,101.27,80
1771,FILATFASH,INE185E01021,1.01,100
1772,JNKINDIA,INE0OAF01028,689.9,80
1773,UNITEDPOLY,INE368U01011,120.32,100
1774,AXISILVER,INF846K011K1,91.94,80
1775,COMPUSOFT,INE453B01029,31.41,80
1776,GLOBAL,INE291W01029,206.96,80
1777,HARSHA,INE0JUS01029,497.05,80
1778,HDFCQUAL,INF179KC1DL6,63.19,80
1779,HDFCVALUE,INF179KC1DK8,145.06,80
1780,KRITINUT,INE798K01010,153.59,100
1781,KSOLVES,INE0D6I01015,1028.6,80
1782,SHIVAMILLS,INE644Y01017,93.93,80
1783,SERVOTECH,INE782X01033,186.09,80
1784,HDFCSENSEX,INF179KC1HX2,90.27,80
1785,LOWVOLIETF,INF109KC19U5,22.2,80
1786,NV20BEES,INF204KB18I3,161.71,80
1787,SPENCERS,INE020801028,100.23,80
1788,KAPSTON,INE542Z01028,280.83,80
1789,HIRECT,INE835D01023,1067.9,80
1790,ALOKINDS,INE270A01029,23.11,80
1791,HDFCLOWVOL,INF179KC1HU8,20.63,80
1792,QUAL30IETF,INF109KC18V5,22.76,80
1793,LORDSCHLO,INE846D01012,138.94,80
1794,MOQUALITY,INF247L01BH8,207.69,80
1795,NETWEB,INE0NT901020,2584.75,80
1796,NIITMTS,INE342G01023,503,80
1797,REDTAPE,INE0LXT01019,922.85,80
1798,RITCO,INE01EG01016,401.1,80
1799,SINDHUTRAD,INE325D01025,24.88,80
1800,AGROPHOS,INE740V01019,42.89,80
1801,AVALON,INE0LCL01028,575.95,80
1802,GOLDETFADD,INF740KA1SW3,75.48,80
1803,BLAL,INE0N7W01012,239.03,80
1804,RACE,INE084Q01012,383.95,80
1805,SADHNANIQ,INE888C01040,54.95,80
1806,VIRINCHI,INE539B01017,31.53,80
